observation_date,api_hour_count,paired_valid_hour_count,completed_hour_count,csv_hour_count,expected_hours,complete,api_consumption,csv_consumption,consumption_difference,error_percent
2024-01-01,24,24,24,24,24,True,466886.0,456941.7,9944.299999999988,2.176273253239962
2024-01-02,24,24,24,24,24,True,511332.0,499194.69,12137.309999999998,2.4313780260763584
2024-01-03,24,24,24,24,24,True,532159.0,518131.73,14027.270000000019,2.707278706903362
2024-01-04,24,24,24,24,24,True,546441.0,528345.07,18095.93000000005,3.4250210757147888
2024-01-05,24,24,24,24,24,True,557983.0,537082.11,20900.890000000014,3.8915632471913866
2024-01-06,24,24,24,24,24,True,545882.0,530223.56,15658.439999999944,2.9531769580363316
2024-01-07,24,24,24,24,24,True,541310.0,523322.92,17987.080000000016,3.4370900475752175
2024-01-08,24,24,24,24,24,True,548907.0,535679.56,13227.439999999944,2.469282195497611
2024-01-09,24,24,24,24,24,True,526925.0,516235.06,10689.940000000002,2.070750483316651
2024-01-10,24,24,24,24,24,True,510361.0,503046.45,7314.549999999988,1.4540506150078165
2024-01-11,24,24,24,24,24,True,493890.0,479825.98,14064.020000000019,2.931066800509639
2024-01-12,24,24,24,24,24,True,492461.0,478878.31,13582.690000000002,2.8363552318750878
2024-01-13,24,24,24,24,24,True,469275.0,454497.36,14777.640000000014,3.2514248267580728
2024-01-14,24,24,24,24,24,True,463049.0,449710.62,13338.380000000005,2.965991774888484
2024-01-15,24,24,24,24,24,True,519125.0,504829.5,14295.5,2.8317481446706263
2024-01-16,24,24,24,24,24,True,549449.0,530872.64,18576.359999999986,3.499212165087277
2024-01-17,24,24,24,24,24,True,535812.0,521589.6,14222.400000000023,2.7267414841093505
2024-01-18,24,24,24,24,24,True,542965.0,526864.98,16100.020000000019,3.0558151729879675
2024-01-19,24,24,24,24,24,True,544831.0,528201.02,16629.97999999998,3.1484187592064816
2024-01-20,24,24,24,24,24,True,524664.0,510608.9,14055.099999999977,2.7526155537046018
2024-01-21,24,24,24,24,24,True,487537.0,470244.89,17292.109999999986,3.677256333396836
2024-01-22,24,24,24,24,24,True,464371.0,449321.56,15049.440000000002,3.3493696585581163
2024-01-23,24,24,24,24,24,True,450679.0,440025.85,10653.150000000023,2.4210282191375856
2024-01-24,24,24,24,24,24,True,457350.0,445672.32,11677.679999999993,2.620239013273248
2024-01-25,24,24,24,24,24,True,461901.0,450496.91,11404.090000000026,2.531446886061888
2024-01-26,24,24,24,24,24,True,463879.0,454554.42,9324.580000000016,2.051367138834557
2024-01-27,24,24,24,24,24,True,435397.0,426220.23,9176.770000000019,2.153058291015426
2024-01-28,24,24,24,24,24,True,414480.0,407528.63,6951.369999999995,1.7057378275484585
2024-01-29,24,24,24,24,24,True,433088.0,422907.16,10180.840000000026,2.407346331048173
2024-01-30,24,24,24,24,24,True,455095.0,446723.27999999997,8371.72000000003,1.8740281455669896
2024-01-31,24,24,24,24,24,True,460993.0,451393.48,9599.520000000019,2.1266412620758324
2024-02-01,24,24,24,24,24,True,456780.0,441032.61,15747.390000000014,3.570572706630472
2024-02-02,24,24,24,24,24,True,444183.0,436454.35,7728.650000000023,1.770780838820835
2024-02-03,24,24,24,24,24,True,412356.0,403624.25,8731.75,2.1633363208479173
2024-02-04,24,24,24,24,24,True,417340.0,406635.04,10704.960000000021,2.6325719495299817
2024-02-05,24,24,24,24,24,True,462606.0,451036.89,11569.109999999986,2.565003053297921
2024-02-06,24,24,24,24,24,True,503400.0,490001.1,13398.900000000023,2.7344632491641394
2024-02-07,24,24,24,24,24,True,510693.0,498074.68,12618.320000000007,2.533419285638051
2024-02-08,24,24,24,24,24,True,530586.0,514455.0,16131.0,3.1355512143919295
2024-02-09,24,24,24,24,24,True,537926.0,524570.13,13355.869999999995,2.5460599519839215
2024-02-10,24,24,24,24,24,True,516514.0,501626.4,14887.599999999977,2.967866125068373
2024-02-11,24,24,24,24,24,True,496603.0,482280.06,14322.940000000002,2.969838728144805
2024-02-12,24,24,24,24,24,True,513621.0,496776.48,16844.52000000002,3.3907643936766125
2024-02-13,24,24,24,24,24,True,499607.0,485354.43,14252.570000000007,2.9365282603890126
2024-02-14,24,24,24,24,24,True,488692.0,473215.37,15476.630000000005,3.2705256382521988
2024-02-15,24,24,24,24,24,True,474168.0,462217.01,11950.98999999999,2.5855798772961625
2024-02-16,24,24,24,24,24,True,460578.0,451245.21,9332.789999999979,2.0682302644276223
2024-02-17,24,24,24,24,24,True,439198.0,430894.28,8303.719999999972,1.9270898652913127
2024-02-18,24,24,24,24,24,True,452269.0,441006.82,11262.179999999993,2.553742819668864
2024-02-19,24,24,24,24,24,True,463700.0,453268.01,10431.98999999999,2.3015059015525914
2024-02-20,24,24,24,24,24,True,459757.0,449674.51,10082.48999999999,2.2421751235132255
2024-02-21,24,24,24,24,24,True,441511.0,435072.48,6438.520000000019,1.4798729627762295
2024-02-22,24,24,24,24,24,True,436182.0,426830.02,9351.979999999981,2.191031455566312
2024-02-23,24,24,24,24,24,True,432237.0,427390.31,4846.690000000002,1.1340196271646876
2024-02-24,24,24,24,24,24,True,415050.0,404008.47000000003,11041.52999999997,2.7329946820174262
2024-02-25,24,24,24,24,24,True,409119.0,400465.64,8653.359999999986,2.160824584101644
2024-02-26,24,24,24,24,24,True,435977.0,426409.02,9567.979999999981,2.243850282529197
2024-02-27,24,24,24,24,24,True,448128.0,439761.08999999997,8366.910000000033,1.902603525018558
2024-02-28,24,24,24,24,24,True,430891.0,421016.93,9874.070000000007,2.3452904851118475
2024-02-29,24,24,24,24,24,True,425228.0,418601.81,6626.190000000002,1.5829339103908802
2024-03-01,24,24,24,24,24,True,416737.0,410057.63,6679.369999999995,1.6288856763865107
2024-03-02,24,24,24,24,24,True,401010.0,392745.92,8264.080000000016,2.1041797200592223
2024-03-03,24,24,24,24,24,True,397256.0,390159.7,7096.299999999988,1.8188193193710136
2024-03-04,24,24,24,24,24,True,411607.0,406501.3,5105.700000000012,1.2560107433850793
2024-03-05,24,24,24,24,24,True,417564.0,410851.99,6712.010000000009,1.6336807812467964
2024-03-06,24,24,24,24,24,True,435561.0,424118.01,11442.98999999999,2.698067455329235
2024-03-07,24,24,24,24,24,True,438072.0,427839.89,10232.109999999986,2.3915745677664573
2024-03-08,24,24,24,24,24,True,430648.0,423240.2,7407.799999999988,1.7502590727440324
2024-03-09,24,24,24,24,24,True,417522.0,409717.53,7804.469999999972,1.9048416112437199
2024-03-10,24,24,24,24,24,True,425587.0,416081.34,9505.659999999974,2.2845677241858464
2024-03-11,24,24,24,24,24,True,444925.0,433308.17,11616.830000000016,2.680962604513092
2024-03-12,24,24,24,24,24,True,439764.0,428469.99,11294.01000000001,2.6358928894880154
2024-03-13,24,24,24,24,24,True,432477.0,423882.51,8594.48999999999,2.0275641946160956
2024-03-14,24,24,24,24,24,True,411413.0,404961.81,6451.190000000002,1.59303663720784
2024-03-15,24,24,24,24,24,True,416084.0,410204.13,5879.869999999995,1.433400975265655
2024-03-16,24,24,24,24,24,True,417824.0,410498.23,7325.770000000019,1.7846045280146565
2024-03-17,24,24,24,24,24,True,425022.0,416727.02,8294.979999999981,1.9905068790595775
2024-03-18,24,24,24,24,24,True,443990.0,434536.17,9453.830000000016,2.175614057628394
2024-03-19,24,24,24,24,24,True,438965.0,427750.87,11214.130000000005,2.6216498402446278
2024-03-20,24,24,24,24,24,True,425498.0,414890.5,10607.5,2.5566986951978894
2024-03-21,24,24,24,24,24,True,423989.0,415058.07,8930.929999999993,2.151730238614561
2024-03-22,24,24,24,24,24,True,408886.0,400210.32,8675.679999999993,2.1677801811807336
2024-03-23,24,24,24,24,24,True,394516.0,385961.17,8554.830000000016,2.2165001728023617
2024-03-24,24,24,24,24,24,True,387531.0,378871.55,8659.450000000012,2.285589931468861
2024-03-25,24,24,24,24,24,True,417430.0,407247.08,10182.919999999984,2.500427995702261
2024-03-26,24,24,24,24,24,True,423640.0,415402.63,8237.369999999995,1.982984556453096
2024-03-27,24,24,24,24,24,True,409160.0,399546.0,9614.0,2.406231072267023
2024-03-28,24,24,24,24,24,True,377809.0,370081.3,7727.700000000012,2.0881087479967273
2024-03-29,24,24,24,24,24,True,369054.0,364069.82,4984.179999999993,1.3690176241469267
2024-03-30,24,24,24,24,24,True,365249.0,358183.48,7065.520000000019,1.9725979545455359
2024-03-31,23,23,23,23,23,True,345174.0,340934.29,4239.710000000021,1.2435563462977048
2024-04-01,24,24,24,24,24,True,363937.0,362961.44,975.5599999999977,0.2687778624638468
2024-04-02,24,24,24,24,24,True,403684.0,398451.3,5232.700000000012,1.3132596129062728
2024-04-03,24,24,24,24,24,True,422062.0,413394.31,8667.690000000002,2.0967124583790238
2024-04-04,24,24,24,24,24,True,452241.0,440821.06,11419.940000000002,2.590606719198035
2024-04-05,24,24,24,24,24,True,446637.0,432422.35,14214.650000000023,3.287214455959555
2024-04-06,24,24,24,24,24,True,407161.0,397992.96,9168.039999999979,2.303568384727202
2024-04-07,24,24,24,24,24,True,376156.0,372318.6,3837.4000000000233,1.0306764153066819
2024-04-08,24,24,24,24,24,True,376262.0,374243.81,2018.1900000000023,0.539271444462903
2024-04-09,24,24,24,24,24,True,371826.0,371358.78,467.21999999997206,0.12581364038302043
2024-04-10,24,24,24,24,24,True,368061.0,370127.09,-2066.0900000000256,-0.5582109647796992
2024-04-11,24,24,24,24,24,True,373011.0,373027.64,-16.64000000001397,-0.0044607954520512125
2024-04-12,24,24,24,24,24,True,366546.0,365973.04,572.960000000021,0.1565579803364808
2024-04-13,24,24,24,24,24,True,341471.0,345156.9,-3685.9000000000233,-1.0678911532697226
2024-04-14,24,24,24,24,24,True,342613.0,346214.58,-3601.5800000000163,-1.0402739249167428
2024-04-15,24,24,24,24,24,True,375835.0,371691.8,4143.200000000012,1.1146869530078447
2024-04-16,24,24,24,24,24,True,376289.0,369855.28,6433.719999999972,1.7395236320541299
2024-04-17,24,24,24,24,24,True,379416.0,372589.42,6826.580000000016,1.832199100017391
2024-04-18,24,24,24,24,24,True,382693.0,377338.15,5354.849999999977,1.419111743670757
2024-04-19,24,24,24,24,24,True,388478.0,382360.21,6117.789999999979,1.600006967252157
2024-04-20,24,24,24,24,24,True,369325.0,361804.49,7520.510000000009,2.078611572786178
2024-04-21,24,24,24,24,24,True,359663.0,350949.26,8713.73999999999,2.4829059334674164
2024-04-22,24,24,24,24,24,True,381618.0,371716.01,9901.98999999999,2.6638588959350957
2024-04-23,24,24,24,24,24,True,377800.0,367639.08,10160.919999999984,2.763830221749
2024-04-24,24,24,24,24,24,True,376148.0,365531.89,10616.109999999986,2.9042910592561393
2024-04-25,24,24,24,24,24,True,374510.0,365492.05,9017.950000000012,2.4673450489552406
2024-04-26,24,24,24,24,24,True,366403.0,359597.02999999997,6805.97000000003,1.8926657987136408
2024-04-27,24,24,24,24,24,True,346925.0,338867.5,8057.5,2.3777730233793446
2024-04-28,24,24,24,24,24,True,351504.0,346001.5,5502.5,1.590311024663188
2024-04-29,24,24,24,24,24,True,350835.0,349528.48,1306.5200000000186,0.37379500520244263
2024-04-30,24,24,24,24,24,True,341029.0,336486.0,4543.0,1.3501304660520794
2024-05-01,24,24,24,24,24,True,307282.0,308360.55,-1078.5499999999884,-0.349769125784731
2024-05-02,24,24,24,24,24,True,310577.0,313123.58,-2546.5800000000163,-0.8132827300965376
2024-05-03,24,24,24,24,24,True,312180.0,311534.19,645.8099999999977,0.20729987934871535
2024-05-04,24,24,24,24,24,True,297865.0,293418.54,4446.460000000021,1.5153984475555025
2024-05-05,24,24,24,24,24,True,302991.0,298051.34,4939.659999999974,1.6573185008998699
2024-05-06,24,24,24,24,24,True,330455.0,324179.9,6275.099999999977,1.93568447642805
2024-05-07,24,24,24,24,24,True,329594.0,323779.67,5814.330000000016,1.7957674736032736
2024-05-08,24,24,24,24,24,True,331711.0,325215.21,6495.789999999979,1.9973819797665608
2024-05-09,24,24,24,24,24,True,322085.0,321937.82,147.17999999999302,0.04571690272363558
2024-05-10,24,24,24,24,24,True,333022.0,328512.5,4509.5,1.3727027129865683
2024-05-11,24,24,24,24,24,True,315156.0,308981.15,6174.849999999977,1.9984552455707982
2024-05-12,24,24,24,24,24,True,300392.0,298198.83,2193.1699999999837,0.7354723692242466
2024-05-13,24,24,24,24,24,True,305364.0,308282.21,-2918.210000000021,-0.9466034384533641
2024-05-14,24,24,24,24,24,True,306660.0,304624.35,2035.6500000000233,0.6682492716028852
2024-05-15,24,24,24,24,24,True,303483.0,302391.1,1091.9000000000233,0.3610886696070167
2024-05-16,24,24,24,24,24,True,305773.0,302915.16,2857.8400000000256,0.9434456829430478
2024-05-17,24,24,24,24,24,True,279145.0,278182.44,962.5599999999977,0.3460175272026508
2024-05-18,24,24,24,24,24,True,279102.0,274796.73,4305.270000000019,1.5667107829121616
2024-05-19,24,24,24,24,24,True,280603.0,277615.27,2987.7299999999814,1.0762124143963627
2024-05-20,24,24,24,24,24,True,295210.0,287161.29,8048.710000000021,2.8028534068780724
2024-05-21,24,24,24,24,24,True,298897.0,298446.6,450.4000000000233,0.15091477001246564
2024-05-22,24,24,24,24,24,True,297726.0,294739.63,2986.3699999999953,1.0132230945665486
2024-05-23,24,24,24,24,24,True,295284.0,292522.66,2761.3400000000256,0.9439747334445905
2024-05-24,24,24,24,24,24,True,298860.0,294918.75,3941.25,1.3363850212982389
2024-05-25,24,24,24,24,24,True,285697.0,281257.87,4439.130000000005,1.5783131686235143
2024-05-26,24,24,24,24,24,True,275058.0,273999.41,1058.5900000000256,0.3863475472447279
2024-05-27,24,24,24,24,24,True,296543.0,293241.73,3301.2700000000186,1.1257845191405804
2024-05-28,24,24,24,24,24,True,297382.0,294245.71,3136.289999999979,1.0658745033190047
2024-05-29,24,24,24,24,24,True,292527.0,290766.13,1760.8699999999953,0.605596669735913
2024-05-30,24,24,24,24,24,True,299511.0,294596.01,4914.989999999991,1.6683830850254864
2024-05-31,24,24,24,24,24,True,297030.0,293002.3,4027.7000000000116,1.374630847607685
2024-06-01,24,24,24,24,24,True,283626.0,277957.77,5668.229999999981,2.039241428652986
2024-06-02,24,24,24,24,24,True,278825.0,274659.42,4165.580000000016,1.5166346743177483
2024-06-03,24,24,24,24,24,True,296534.0,291950.88,4583.119999999995,1.5698257186277347
2024-06-04,24,24,24,24,24,True,305432.0,297503.17,7928.830000000016,2.66512454304269
2024-06-05,24,24,24,24,24,True,308093.0,303763.06,4329.940000000002,1.4254333624371582
2024-06-06,24,24,24,24,24,True,315940.0,309238.76,6701.239999999991,2.167011664385147
2024-06-07,24,24,24,24,24,True,316997.0,310305.42,6691.580000000016,2.156449603748467
2024-06-08,24,24,24,24,24,True,307506.0,301628.79,5877.210000000021,1.9484910575015142
2024-06-09,24,24,24,24,24,True,300263.0,300199.3,63.70000000001164,0.021219236687098086
2024-06-10,24,24,24,24,24,True,317467.0,314686.41,2780.5900000000256,0.8836066355709564
2024-06-11,24,24,24,24,24,True,312331.0,307534.05,4796.950000000012,1.559811019300143
2024-06-12,24,24,24,24,24,True,312669.0,307257.51,5411.489999999991,1.7612230210418585
2024-06-13,24,24,24,24,24,True,314925.0,309339.82,5585.179999999993,1.805516017950742
2024-06-14,24,24,24,24,24,True,312770.0,306167.0,6603.0,2.15666613318875
2024-06-15,24,24,24,24,24,True,296317.0,292008.32,4308.679999999993,1.475533299873097
2024-06-16,24,24,24,24,24,True,289451.0,286876.91000000003,2574.0899999999674,0.8972803004605588
2024-06-17,24,24,24,24,24,True,307583.0,302724.98,4858.020000000019,1.604763505145832
2024-06-18,24,24,24,24,24,True,310463.0,303177.4,7285.599999999977,2.4030814961801163
2024-06-19,24,24,24,24,24,True,308221.0,302934.72000000003,5286.27999999997,1.7450228220786212
2024-06-20,24,24,24,24,24,True,313466.0,305767.45,7698.549999999988,2.5177794431683256
2024-06-21,24,24,24,24,24,True,310670.0,302353.36,8316.640000000014,2.7506358784966087
2024-06-22,24,24,24,24,24,True,293170.0,288361.88,4808.119999999995,1.6673909880182483
2024-06-23,24,24,24,24,24,True,281655.0,279771.81,1883.1900000000023,0.6731164229877207
2024-06-24,24,24,24,24,24,True,302119.0,295923.7,6195.299999999988,2.093546410780883
2024-06-25,24,24,24,24,24,True,301528.0,293584.05,7943.950000000012,2.705852037942801
2024-06-26,24,24,24,24,24,True,299820.0,290615.1,9204.900000000023,3.16738531480299
2024-06-27,24,24,24,24,24,True,296565.0,288343.23,8221.770000000019,2.851383054840587
2024-06-28,24,24,24,24,24,True,291251.0,287591.15,3659.8499999999767,1.2725878386730525
2024-06-29,24,24,24,24,24,True,281741.0,274071.57,7669.429999999993,2.798331107454886
2024-06-30,24,24,24,24,24,True,284887.0,273910.09,10976.909999999974,4.007486544216014
2024-07-01,24,24,24,24,24,True,303905.0,291681.65,12223.349999999977,4.190647577590148
2024-07-02,24,24,24,24,24,True,302155.0,295043.81,7111.190000000002,2.410214944011197
2024-07-03,24,24,24,24,24,True,299930.0,291503.07,8426.929999999993,2.890854631479522
2024-07-04,24,24,24,24,24,True,305983.0,297131.62,8851.380000000005,2.9789424632760406
2024-07-05,24,24,24,24,24,True,300128.0,292609.82,7518.179999999993,2.569353277343868
2024-07-06,24,24,24,24,24,True,285671.0,279908.41,5762.590000000026,2.058741286122852
2024-07-07,24,24,24,24,24,True,285813.0,278113.96,7699.039999999979,2.768304043421617
2024-07-08,24,24,24,24,24,True,296725.0,290266.36,6458.640000000014,2.2250735496872647
2024-07-09,24,24,24,24,24,True,294712.0,284034.25,10677.75,3.7593177583337223
2024-07-10,24,24,24,24,24,True,299293.0,290251.07,9041.929999999993,3.1152098767456717
2024-07-11,24,24,24,24,24,True,289216.0,284670.36,4545.640000000014,1.5968083224400371
2024-07-12,24,24,24,24,24,True,287768.0,279365.47,8402.530000000028,3.0077196011375453
2024-07-13,24,24,24,24,24,True,278597.0,269952.04,8644.960000000021,3.2024058792072925
2024-07-14,24,24,24,24,24,True,275942.0,267148.5,8793.5,3.291614963213344
2024-07-15,24,24,24,24,24,True,285244.0,278202.42,7041.580000000016,2.5310994778550153
2024-07-16,24,24,24,24,24,True,284808.0,276915.17,7892.830000000016,2.850269994236869
2024-07-17,24,24,24,24,24,True,286833.0,277988.76,8844.23999999999,3.1815099286748105
2024-07-18,24,24,24,24,24,True,285943.0,276211.12,9731.880000000005,3.5233483720713363
2024-07-19,24,24,24,24,24,True,282283.0,270254.57,12028.429999999993,4.45077765012447
2024-07-20,24,24,24,24,24,True,268230.0,260095.16,8134.8399999999965,3.1276398991815135
2024-07-21,24,24,24,24,24,True,262751.0,256884.9,5866.100000000006,2.2835518942530317
2024-07-22,24,24,24,24,24,True,280554.0,273385.83,7168.169999999984,2.6219976360881554
2024-07-23,24,24,24,24,24,True,281804.0,271683.58,10120.419999999984,3.7250760609087905
2024-07-24,24,24,24,24,24,True,283446.0,272502.86,10943.140000000014,4.015789045296631
2024-07-25,24,24,24,24,24,True,282724.0,273303.27,9420.729999999981,3.4469876631918748
2024-07-26,24,24,24,24,24,True,279954.0,276043.61,3910.390000000014,1.4165841404552035
2024-07-27,24,24,24,24,24,True,271066.0,264559.66,6506.340000000026,2.4593091781264107
2024-07-28,24,24,24,24,24,True,267566.0,262523.02999999997,5042.97000000003,1.9209628960933565
2024-07-29,24,24,24,24,24,True,285333.0,276991.75,8341.25,3.0113712773033856
2024-07-30,24,24,24,24,24,True,289818.0,281073.94,8744.059999999998,3.1109465359897817
2024-07-31,24,24,24,24,24,True,283058.0,276341.22000000003,6716.77999999997,2.430610967122447
2024-08-01,24,24,24,24,24,True,290477.0,279517.07,10959.929999999993,3.9210234995665894
2024-08-02,24,24,24,24,24,True,287015.0,276431.35,10583.650000000023,3.828672109729965
2024-08-03,24,24,24,24,24,True,274990.0,266251.08,8738.919999999984,3.282210160424507
2024-08-04,24,24,24,24,24,True,271082.0,264485.54,6596.460000000021,2.4940720766814026
2024-08-05,24,24,24,24,24,True,292039.0,283922.42,8116.580000000016,2.8587316211238325
2024-08-06,24,24,24,24,24,True,294000.0,282877.76,11122.23999999999,3.931818464625848
2024-08-07,24,24,24,24,24,True,294320.0,287231.17,7088.830000000016,2.467987718742369
2024-08-08,24,24,24,24,24,True,295930.0,288751.49,7178.510000000009,2.486051240809185
2024-08-09,24,24,24,24,24,True,294368.0,292655.62,1712.3800000000047,0.5851177571782167
2024-08-10,24,24,24,24,24,True,275853.0,277572.0,-1719.0,-0.6192987765336562
2024-08-11,24,24,24,24,24,True,280277.0,275348.55,4928.450000000012,1.7898950257773327
2024-08-12,24,24,24,24,24,True,297754.0,291554.7,6199.299999999988,2.1262905382763466
2024-08-13,24,24,24,24,24,True,298646.0,291090.82,7555.179999999993,2.595471750019459
2024-08-14,24,24,24,24,24,True,302390.0,290868.9,11521.099999999977,3.9609253515930978
2024-08-15,24,24,24,24,24,True,304013.0,294178.71,9834.289999999979,3.342964553757129
2024-08-16,24,24,24,24,24,True,298173.0,290931.68,7241.320000000007,2.48901047833636
2024-08-17,24,24,24,24,24,True,287181.0,280426.12,6754.880000000005,2.408791306601541
2024-08-18,24,24,24,24,24,True,289199.0,284015.72,5183.280000000028,1.8249975740779518
2024-08-19,24,24,24,24,24,True,313409.0,301788.99,11620.01000000001,3.850375721128862
2024-08-20,24,24,24,24,24,True,314690.0,304210.45,10479.549999999988,3.4448356392753725
2024-08-21,24,24,24,24,24,True,307036.0,302766.22,4269.780000000028,1.4102564017875008
2024-08-22,24,24,24,24,24,True,314623.0,311073.67,3549.3300000000163,1.1409933859075942
2024-08-23,24,24,24,24,24,True,317304.0,308781.77,8522.229999999981,2.7599524414928966
2024-08-24,24,24,24,24,24,True,301731.0,297832.45,3898.5499999999884,1.3089742235945037
2024-08-25,24,24,24,24,24,True,297582.0,293723.01,3858.9899999999907,1.313819438252383
2024-08-26,24,24,24,24,24,True,318790.0,313065.18,5724.820000000007,1.8286351743109877
2024-08-27,24,24,24,24,24,True,317497.0,311355.02,6141.979999999981,1.972661304770349
2024-08-28,24,24,24,24,24,True,313312.0,304409.64,8902.359999999986,2.924467175218231
2024-08-29,24,24,24,24,24,True,311162.0,304992.62,6169.380000000005,2.0227964860264502
2024-08-30,24,24,24,24,24,True,313628.0,304413.61,9214.390000000014,3.0269310232219953
2024-08-31,24,24,24,24,24,True,293581.0,288858.38,4722.619999999995,1.6349257376573236
2024-09-01,24,24,24,24,24,True,290624.0,284176.26,6447.739999999991,2.2689228157200714
2024-09-02,24,24,24,24,24,True,307704.0,301600.58,6103.419999999984,2.023676479667242
2024-09-03,24,24,24,24,24,True,311527.0,301937.44,9589.559999999998,3.1760089109850034
2024-09-04,24,24,24,24,24,True,302978.0,298515.74,4462.260000000009,1.4948156502568373
2024-09-05,24,24,24,24,24,True,296247.0,291710.07,4536.929999999993,1.5552874126011464
2024-09-06,24,24,24,24,24,True,294079.0,285735.62,8343.380000000005,2.919964966215974
2024-09-07,24,24,24,24,24,True,275104.0,267550.97,7553.030000000028,2.8230247118894876
2024-09-08,24,24,24,24,24,True,276023.0,271224.88,4798.119999999995,1.7690559951579645
2024-09-09,24,24,24,24,24,True,295121.0,291686.84,3434.1599999999744,1.177344853816502
2024-09-10,24,24,24,24,24,True,305500.0,300904.26,4595.739999999991,1.5273097163861988
2024-09-11,24,24,24,24,24,True,311480.0,308786.27,2693.7299999999814,0.8723606784718703
2024-09-12,24,24,24,24,24,True,320151.0,313357.9,6793.099999999977,2.167840670364454
2024-09-13,24,24,24,24,24,True,326555.0,315017.81,11537.190000000002,3.6623929294664332
2024-09-14,24,24,24,24,24,True,310328.0,300807.89,9520.109999999986,3.164847172060542
2024-09-15,24,24,24,24,24,True,303704.0,295853.45,7850.549999999988,2.653526602444551
2024-09-16,24,24,24,24,24,True,320636.0,309888.46,10747.539999999979,3.46819626648891
2024-09-17,24,24,24,24,24,True,327119.0,314046.8,13072.200000000012,4.162500620926567
2024-09-18,24,24,24,24,24,True,323466.0,310278.89,13187.109999999986,4.250082885110226
2024-09-19,24,24,24,24,24,True,315929.0,306487.37,9441.630000000005,3.080593500476057
2024-09-20,24,24,24,24,24,True,323834.0,310981.94,12852.059999999998,4.132735167836434
2024-09-21,24,24,24,24,24,True,311319.0,300290.72000000003,11028.27999999997,3.672534402661517
2024-09-22,24,24,24,24,24,True,311858.0,300440.28,11417.719999999972,3.800329303381015
2024-09-23,24,24,24,24,24,True,335540.0,323079.47,12460.530000000028,3.8568003098432806
2024-09-24,24,24,24,24,24,True,341665.0,328591.79,13073.210000000021,3.9785564940621376
2024-09-25,24,24,24,24,24,True,341214.0,330870.62,10343.380000000005,3.12611013936505
2024-09-26,24,24,24,24,24,True,354909.0,341629.95,13279.049999999988,3.8869689264656064
2024-09-27,24,24,24,24,24,True,355011.0,345448.11,9562.890000000014,2.7682565697059434
2024-09-28,24,24,24,24,24,True,353665.0,338522.54,15142.460000000021,4.473102440977792
2024-09-29,24,24,24,24,24,True,354068.0,339393.79,14674.210000000021,4.323653063893722
2024-09-30,24,24,24,24,24,True,371565.0,358802.52,12762.479999999981,3.556964984526859
2024-10-01,24,24,24,24,24,True,356478.0,346417.93,10060.070000000007,2.9040269364810323
2024-10-02,24,24,24,24,24,True,358114.0,345221.37,12892.630000000005,3.7345978900437147
2024-10-03,24,24,24,24,24,True,358033.0,344599.51,13433.48999999999,3.898290511208211
2024-10-04,24,24,24,24,24,True,362345.0,348003.51,14341.48999999999,4.121076250064257
2024-10-05,24,24,24,24,24,True,348803.0,332021.18,16781.820000000007,5.054442611161133
2024-10-06,24,24,24,24,24,True,338468.0,325330.1,13137.900000000023,4.038329069458997
2024-10-07,24,24,24,24,24,True,366489.0,352463.79,14025.210000000021,3.979191734844598
2024-10-08,24,24,24,24,24,True,368414.0,350410.9,18003.099999999977,5.137711184212584
2024-10-09,24,24,24,24,24,True,353334.0,342986.0,10348.0,3.017032765185751
2024-10-10,24,24,24,24,24,True,364648.0,354055.4,10592.599999999977,2.9917916800591025
2024-10-11,24,24,24,24,24,True,379678.0,367146.26,12531.73999999999,3.413282760935653
2024-10-12,24,24,24,24,24,True,381177.0,366220.22,14956.780000000028,4.084094537434342
2024-10-13,24,24,24,24,24,True,362611.0,351180.81,11430.190000000002,3.2547877544903443
2024-10-14,24,24,24,24,24,True,382244.0,374278.39,7965.609999999986,2.1282580594620986
2024-10-15,24,24,24,24,24,True,390486.0,379463.99,11022.01000000001,2.9046260753227227
2024-10-16,24,24,24,24,24,True,380007.0,376682.78,3324.219999999972,0.8824985309920383
2024-10-17,24,24,24,24,24,True,364406.0,361654.95,2751.0499999999884,0.7606836295203449
2024-10-18,24,24,24,24,24,True,356627.0,351694.41,4932.590000000026,1.4025215811647465
2024-10-19,24,24,24,24,24,True,338610.0,329502.77,9107.229999999981,2.763931241002915
2024-10-20,24,24,24,24,24,True,330306.0,328933.83,1372.1699999999837,0.4171568488409914
2024-10-21,24,24,24,24,24,True,351243.0,346282.04,4960.960000000021,1.4326356631143853
2024-10-22,24,24,24,24,24,True,364303.0,354173.21,10129.789999999979,2.86012315838343
2024-10-23,24,24,24,24,24,True,372608.0,363751.15,8856.849999999977,2.4348651543781994
2024-10-24,24,24,24,24,24,True,361583.0,355992.08,5590.919999999984,1.57051808568325
2024-10-25,24,24,24,24,24,True,374583.0,361059.06,13523.940000000002,3.7456309779347463
2024-10-26,24,24,24,24,24,True,358664.0,350907.32,7756.679999999993,2.2104640051395887
2024-10-27,25,25,25,25,25,True,361424.0,356429.23,4994.770000000019,1.4013356873116212
2024-10-28,24,24,24,24,24,True,387423.0,376497.23,10925.770000000019,2.9019522932479527
2024-10-29,24,24,24,24,24,True,403059.0,392111.94,10947.059999999998,2.791820111369217
2024-10-30,24,24,24,24,24,True,398047.0,387136.02,10910.979999999981,2.8183840914622156
2024-10-31,24,24,24,24,24,True,393694.0,380643.01,13050.98999999999,3.428669293047044
2024-11-01,24,24,24,24,24,True,396387.0,384618.82,11768.179999999993,3.0596994707643255
2024-11-02,24,24,24,24,24,True,404828.0,388936.09,15891.909999999974,4.08599520810732
2024-11-03,24,24,24,24,24,True,375794.0,367689.75,8104.25,2.204100059901044
2024-11-04,24,24,24,24,24,True,390395.0,382463.77999999997,7931.22000000003,2.073717934806802
2024-11-05,24,24,24,24,24,True,395116.0,387818.07,7297.929999999993,1.8817921506339281
2024-11-06,24,24,24,24,24,True,402275.0,392876.13,9398.869999999995,2.3923240131692385
2024-11-07,24,24,24,24,24,True,399991.0,393038.36,6952.640000000014,1.7689469292513875
2024-11-08,24,24,24,24,24,True,399049.0,389723.45,9325.549999999988,2.3928634522762198
2024-11-09,24,24,24,24,24,True,375939.0,366911.91,9027.090000000026,2.4602880838618804
2024-11-10,24,24,24,24,24,True,387323.0,375478.57,11844.429999999993,3.1544889499286186
2024-11-11,24,24,24,24,24,True,411271.0,401192.3,10078.700000000012,2.5121867991982927
2024-11-12,24,24,24,24,24,True,411247.0,396250.01,14996.98999999999,3.784729242025758
2024-11-13,24,24,24,24,24,True,405392.0,396879.44,8512.559999999998,2.1448730123182993
2024-11-14,24,24,24,24,24,True,421111.0,404597.23,16513.77000000002,4.081533133580776
2024-11-15,24,24,24,24,24,True,402100.0,391343.26,10756.73999999999,2.748671332681184
2024-11-16,24,24,24,24,24,True,386208.0,379833.01,6374.989999999991,1.6783665011105777
2024-11-17,24,24,24,24,24,True,403661.0,390007.55,13653.450000000012,3.5008168431611164
2024-11-18,24,24,24,24,24,True,443515.0,424604.88,18910.119999999995,4.45358046756316
2024-11-19,24,24,24,24,24,True,450447.0,435926.78,14520.219999999972,3.3308850628538975
2024-11-20,24,24,24,24,24,True,463342.0,450996.13,12345.869999999995,2.73746694899577
2024-11-21,24,23,24,23,24,False,,,,
2024-11-22,24,24,24,24,24,True,499356.0,483810.49,15545.51000000001,3.2131403351754546
2024-11-23,24,24,24,24,24,True,465833.0,452760.95,13072.049999999988,2.887185831728639
2024-11-24,24,24,24,24,24,True,443019.0,429134.34,13884.659999999974,3.2355042945293015
2024-11-25,24,24,24,24,24,True,425991.0,417494.05,8496.950000000012,2.0352266098163585
2024-11-26,24,24,24,24,24,True,420664.0,412068.51,8595.48999999999,2.0859371175924095
2024-11-27,24,24,24,24,24,True,439077.0,426396.76,12680.23999999999,2.973812465179142
2024-11-28,24,24,24,24,24,True,464912.0,447438.48,17473.52000000002,3.9052340782133936
2024-11-29,24,24,24,24,24,True,469123.0,452613.29,16509.71000000002,3.6476414556894743
2024-11-30,24,24,24,24,24,True,410438.0,403329.57,7108.429999999993,1.7624371057148112
2024-12-01,24,24,24,24,24,True,381757.0,379325.47,2431.530000000028,0.6410141665414738
2024-12-02,24,24,24,24,24,True,416988.0,410002.12,6985.880000000005,1.7038643605062347
2024-12-03,24,24,24,24,24,True,461167.0,451143.59,10023.409999999974,2.2217782147807914
2024-12-04,24,24,24,24,24,True,483426.0,471543.6,11882.400000000023,2.5198942367153374
2024-12-05,24,24,24,24,24,True,477309.0,461968.92,15340.080000000016,3.32058702130871
2024-12-06,24,24,24,24,24,True,459317.0,441824.43,17492.570000000007,3.9591676720999804
2024-12-07,24,24,24,24,24,True,431656.0,417216.24,14439.76000000001,3.4609774538018967
2024-12-08,24,24,24,24,24,True,427485.0,416778.83999999997,10706.160000000033,2.5687868414816917
2024-12-09,24,24,24,24,24,True,477352.0,462396.06,14955.940000000002,3.2344436498875018
2024-12-10,24,24,24,24,24,True,478074.0,466437.48,11636.520000000019,2.4947652148365136
2024-12-11,24,24,24,24,24,True,471302.0,461760.44,9541.559999999998,2.066344184876469
2024-12-12,24,24,24,24,24,True,471110.0,459678.01,11431.98999999999,2.4869560325498257
2024-12-13,24,24,24,24,24,True,465309.0,451783.47000000003,13525.52999999997,2.993808073588874
2024-12-14,24,24,24,24,24,True,447675.0,428055.45,19619.54999999999,4.583413200322526
2024-12-15,24,24,24,24,24,True,448241.0,428686.18,19554.820000000007,4.561569957771908
2024-12-16,24,24,24,24,24,True,453732.0,438459.89,15272.109999999986,3.483125902348784
2024-12-17,24,24,24,24,24,True,460422.0,445235.48,15186.520000000019,3.41089618464369
2024-12-18,24,24,24,24,24,True,444791.0,434735.86,10055.140000000014,2.3129308909552604
2024-12-19,24,24,24,24,24,True,440692.0,432969.85,7722.150000000023,1.7835306546171803
2024-12-20,24,24,24,24,24,True,462882.0,448663.03,14218.969999999972,3.1691869062623614
2024-12-21,24,24,24,24,24,True,442943.0,432392.33,10550.669999999984,2.4400687218480455
2024-12-22,24,24,24,24,24,True,428133.0,417203.17,10929.830000000016,2.6197859426619448
2024-12-23,24,24,24,24,24,True,447253.0,432672.46,14580.539999999979,3.3698793771158853
2024-12-24,24,24,24,24,24,True,436860.0,421401.36,15458.640000000014,3.668388730401823
2024-12-25,24,24,24,24,24,True,385863.0,381373.39,4489.609999999986,1.1772216199981824
2024-12-26,24,24,24,24,24,True,391471.0,384906.34,6564.659999999974,1.7055214003489716
2024-12-27,24,24,24,24,24,True,419315.0,407742.43,11572.570000000007,2.838205972334056
2024-12-28,24,24,24,24,24,True,410908.0,400036.2,10871.799999999988,2.7177040477836725
2024-12-29,24,24,24,24,24,True,408337.0,396150.1,12186.900000000023,3.0763339451384777
2024-12-30,24,24,24,24,24,True,446241.0,432486.47,13754.530000000028,3.180337641545186
2024-12-31,24,24,24,24,24,True,463553.0,448107.81,15445.190000000002,3.446757600587234
2025-01-01,24,24,24,24,24,True,466864.0,466572.08,291.9199999999837,0.06256696714470864
2025-01-02,24,24,24,24,24,True,506378.0,506376.78,1.2199999999720603,0.00024092731897620983
2025-01-03,24,24,24,24,24,True,511563.0,511565.28,-2.2800000000279397,-0.00044569091945175393
2025-01-04,24,24,24,24,24,True,504876.0,504875.23,0.7700000000186265,0.00015251292879205552
2025-01-05,24,24,24,24,24,True,511220.0,511220.16000000003,-0.1600000000325963,-3.129767027039706e-05
2025-01-06,24,24,24,24,24,True,522807.0,522804.98,2.0200000000186265,0.00038637734476412727
2025-01-07,24,24,24,24,24,True,503850.0,503848.93,1.070000000006985,0.0002123652420988539
2025-01-08,24,24,24,24,24,True,505059.0,505059.07,-0.07000000000698492,-1.3859764959172978e-05
2025-01-09,24,24,24,24,24,True,509956.0,509956.45,-0.45000000001164153,-8.82428293654569e-05
2025-01-10,24,24,24,24,24,True,503412.0,503412.93,-0.9299999999930151,-0.0001847389974653641
2025-01-11,24,24,24,24,24,True,490486.0,490486.33,-0.33000000001629815,-6.728016253099208e-05
2025-01-12,24,24,24,24,24,True,497416.0,497413.77999999997,2.220000000030268,0.0004463085039642987
2025-01-13,24,24,24,24,24,True,496035.0,496037.14,-2.14000000001397,-0.0004314193086457135
2025-01-14,24,24,24,24,24,True,455888.0,455888.72,-0.7199999999720603,-0.00015793327809735243
2025-01-15,24,24,24,24,24,True,455631.0,455632.8,-1.7999999999883585,-0.00039505496531161904
2025-01-16,24,24,24,24,24,True,438294.0,438293.27,0.7299999999813735,0.00016655514696389782
2025-01-17,24,24,24,24,24,True,435363.0,435364.85,-1.849999999976717,-0.00042493095158617353
2025-01-18,24,24,24,24,24,True,421422.0,421421.66000000003,0.3399999999674037,8.067928923430364e-05
2025-01-19,24,24,24,24,24,True,430089.0,430087.15,1.849999999976717,0.0004301453786695829
2025-01-20,24,24,24,24,24,True,466134.0,466133.7,0.29999999998835847,6.435921710624193e-05
2025-01-21,24,24,24,24,24,True,483079.0,483078.41,0.5900000000256114,0.00012213338203742358
2025-01-22,24,24,24,24,24,True,483489.0,483491.14,-2.14000000001397,-0.00044261410871230644
2025-01-23,24,24,24,24,24,True,498031.0,498028.94,2.0599999999976717,0.0004136305813870318
2025-01-24,24,24,24,24,24,True,488595.0,488594.51,0.4899999999906868,0.00010028765980008387
2025-01-25,24,24,24,24,24,True,441975.0,443074.32,-1099.320000000007,-0.2481118743239299
2025-01-26,24,24,24,24,24,True,438810.0,439383.71,-573.710000000021,-0.13057152255371982
2025-01-27,24,24,24,24,24,True,468870.0,468872.44,-2.4400000000023283,-0.0005203974027567772
2025-01-28,24,24,24,24,24,True,461594.0,461930.94,-336.9400000000023,-0.07294163928486849
2025-01-29,24,24,24,24,24,True,455106.0,456026.74,-920.7399999999907,-0.2019048268967716
2025-01-30,24,24,24,24,24,True,462994.0,462995.23,-1.2299999999813735,-0.0002656614842406419
2025-01-31,24,24,24,24,24,True,472412.0,472411.64,0.35999999998603016,7.620472687464477e-05
2025-02-01,24,24,24,24,24,True,463342.0,463340.52,1.4799999999813735,0.0003194195059783188
2025-02-02,24,24,24,24,24,True,464057.0,464060.35,-3.349999999976717,-0.0007218888663891921
2025-02-03,24,24,24,24,24,True,486248.0,486247.67,0.33000000001629815,6.78666491124365e-05
2025-02-04,24,24,24,24,24,True,468477.0,468478.29,-1.2899999999790452,-0.0002753596116436997
2025-02-05,24,24,24,24,24,True,445485.0,445486.59,-1.5900000000256114,-0.0003569131003529447
2025-02-06,24,24,24,24,24,True,458099.0,458099.36,-0.35999999998603016,-7.858557147646532e-05
2025-02-07,24,24,24,24,24,True,464027.0,464027.02999999997,-0.029999999969732016,-6.465140612548372e-06
2025-02-08,24,24,24,24,24,True,454700.0,454701.38,-1.3800000000046566,-0.0003034958899849076
2025-02-09,24,24,24,24,24,True,460155.0,460154.08,0.9199999999837019,0.00019993303112377094
2025-02-10,24,24,24,24,24,True,483017.0,483017.19,-0.1900000000023283,-3.933607414724273e-05
2025-02-11,24,24,24,24,24,True,475079.0,475079.52999999997,-0.529999999969732,-0.00011156026865012097
2025-02-12,24,24,24,24,24,True,485782.0,485783.1,-1.099999999976717,-0.00022643850722199209
2025-02-13,24,24,24,24,24,True,482985.0,482983.97000000003,1.029999999969732,0.0002132575952716882
2025-02-14,24,24,24,24,24,True,494790.0,494787.84,2.1599999999743886,0.00043655074465338286
2025-02-15,24,24,24,24,24,True,476277.0,476275.82,1.179999999993015,0.0002477555967449733
2025-02-16,24,24,24,24,24,True,488866.0,488863.83,2.169999999983702,0.00044388638856421466
2025-02-17,24,24,24,24,24,True,503274.0,503274.27,-0.27000000001862645,-5.364867948020201e-05
2025-02-18,24,24,24,24,24,True,495183.0,495182.73,0.27000000001862645,5.452532644234714e-05
2025-02-19,24,24,24,24,24,True,504421.0,504422.71,-1.7100000000209548,-0.000339001390326172
2025-02-20,24,24,24,24,24,True,498081.0,498079.18,1.820000000006985,0.00036540374966224947
2025-02-21,24,24,24,24,24,True,463654.0,463655.31,-1.3099999999976717,-0.0002825374737965735
2025-02-22,24,24,24,24,24,True,419982.0,419983.82,-1.820000000006985,-0.0004333500276289179
2025-02-23,24,24,24,24,24,True,408121.0,408123.83,-2.830000000016298,-0.0006934169955271414
2025-02-24,24,24,24,24,24,True,431580.0,431580.08999999997,-0.08999999996740371,-2.0853603317846225e-05
2025-02-25,24,24,24,24,24,True,433215.0,433216.15,-1.150000000023283,-0.00026545640092671594
2025-02-26,24,24,24,24,24,True,439704.0,439705.35,-1.349999999976717,-0.0003070237830803553
2025-02-27,24,24,24,24,24,True,442321.0,442320.24,0.7600000000093132,0.0001718212126149401
2025-02-28,24,24,24,24,24,True,454338.0,454340.0,-2.0,-0.00044019896993441034
2025-03-01,24,24,24,24,24,True,435203.0,435203.5,-0.5,-0.00011488878191466751
2025-03-02,24,24,24,24,24,True,417090.0,417085.78,4.21999999997206,0.0010117822765312353
2025-03-03,24,24,24,24,24,True,427310.0,427311.65,-1.650000000023283,-0.00038613503751261705
2025-03-04,24,24,24,24,24,True,429068.0,429067.73,0.27000000001862645,6.292712808269838e-05
2025-03-05,24,24,24,24,24,True,417884.0,417885.82,-1.820000000006985,-0.0004355256658402491
2025-03-06,24,24,24,24,24,True,405721.0,405723.2,-2.2000000000116415,-0.0005422416070886855
2025-03-07,24,24,24,24,24,True,411523.0,411524.5,-1.5,-0.00036449834699999633
2025-03-08,24,24,24,24,24,True,403243.0,403242.68,0.3200000000069849,7.935667921039136e-05
2025-03-09,24,24,24,24,24,True,403722.0,403721.7,0.29999999998835847,7.430861407458615e-05
2025-03-10,24,24,24,24,24,True,429046.0,429044.82,1.179999999993015,0.0002750295412010836
2025-03-11,24,24,24,24,24,True,442854.0,442853.25,0.75,0.0001693563274064264
2025-03-12,24,24,24,24,24,True,456647.0,456647.4,-0.40000000002328306,-8.759493649220011e-05
2025-03-13,24,24,24,24,24,True,450804.0,450802.81,1.1900000000023283,0.00026397350983733405
2025-03-14,24,24,24,24,24,True,461106.0,461105.03,0.9699999999720603,0.0002103642200502693
2025-03-15,24,24,24,24,24,True,435696.0,435696.35,-0.34999999997671694,-8.033117559435991e-05
2025-03-16,24,24,24,24,24,True,422761.0,422761.96,-0.9600000000209548,-0.0002270781410940934
2025-03-17,24,24,24,24,24,True,441573.0,441571.35,1.650000000023283,0.00037366554692085054
2025-03-18,24,24,24,24,24,True,426341.0,426338.67,2.330000000016298,0.0005465138782781065
2025-03-19,24,24,24,24,24,True,419889.0,419887.72,1.2800000000279397,0.000304843399570709
2025-03-20,24,24,24,24,24,True,424632.0,424632.35,-0.34999999997671694,-8.242424298966316e-05
2025-03-21,24,24,24,24,24,True,414549.0,414548.5,0.5,0.00012061314900427815
2025-03-22,24,24,24,24,24,True,386729.0,386728.28,0.7199999999720603,0.0001861772301658571
2025-03-23,24,24,24,24,24,True,380670.0,380667.0,3.0,0.0007880903782045724
2025-03-24,24,24,24,24,24,True,412895.0,412894.49,0.5100000000093132,0.00012351823828148282
2025-03-25,24,24,24,24,24,True,408335.0,408334.91000000003,0.08999999996740371,2.204073121433671e-05
2025-03-26,24,24,24,24,24,True,406443.0,406444.05,-1.0499999999883585,-0.0002583381402651505
2025-03-27,24,24,24,24,24,True,402889.0,402887.56,1.4400000000023283,0.0003574198220472055
2025-03-28,24,24,24,24,24,True,387663.0,387665.3,-2.2999999999883585,-0.0005932952988024357
2025-03-29,24,24,24,24,24,True,382529.0,382527.4,1.599999999976717,0.00041827069119145893
2025-03-30,23,23,23,23,23,True,368594.0,368594.48,-0.47999999998137355,-0.00013022441355643025
2025-03-31,24,24,24,24,24,True,400662.0,400663.76,-1.7600000000093132,-0.000439271073582825
2025-04-01,24,24,24,24,24,True,382506.0,382509.0,-3.0,-0.0007842952714838083
2025-04-02,24,24,24,24,24,True,369926.0,369922.96,3.0399999999790452,0.0008217927321891686
2025-04-03,24,24,24,24,24,True,368563.0,368563.04,-0.03999999997904524,-1.0852960182617672e-05
2025-04-04,24,24,24,24,24,True,381746.0,381043.25,702.75,0.18442788318648867
2025-04-05,24,24,24,24,24,True,374412.0,374410.01,1.9899999999906868,0.0005315028836944521
2025-04-06,24,24,24,24,24,True,364047.0,364046.0,1.0,0.00027469056108294005
2025-04-07,24,24,24,24,24,True,378931.0,378927.38,3.6199999999953434,0.0009553281686837577
2025-04-08,24,24,24,24,24,True,380868.0,380865.32,2.679999999993015,0.0007036608111216362
2025-04-09,24,24,24,24,24,True,385452.0,385451.56,0.4400000000023283,0.00011415182753504183
2025-04-10,24,24,24,24,24,True,405090.0,405092.07,-2.070000000006985,-0.0005109949449286886
2025-04-11,24,24,24,24,24,True,390752.0,390752.32,-0.3200000000069849,-8.189330776257065e-05
2025-04-12,24,24,24,24,24,True,343590.0,343591.02,-1.0200000000186265,-0.0002968645688174931
2025-04-13,24,24,24,24,24,True,349898.0,349897.38,0.6199999999953434,0.0001771948106600122
2025-04-14,24,24,24,24,24,True,361015.0,361014.54,0.46000000002095476,0.00012741869067682283
2025-04-15,24,24,24,24,24,True,363177.0,363175.43,1.570000000006985,0.00043229796685502237
2025-04-16,24,24,24,24,24,True,350109.0,350106.49,2.5100000000093132,0.0007169247276762316
2025-04-17,24,24,24,24,24,True,332516.0,332517.83,-1.8300000000162981,-0.0005503464280445647
2025-04-18,24,24,24,24,24,True,332886.0,332883.78,2.2199999999720603,0.0006668994205641561
2025-04-19,24,24,24,24,24,True,336427.0,336428.77,-1.7700000000186265,-0.0005261143391567333
2025-04-20,24,24,24,24,24,True,339717.0,339715.71,1.2899999999790452,0.00037972927421550364
2025-04-21,24,24,24,24,24,True,350404.0,350403.29,0.7100000000209548,0.00020262366829402624
2025-04-22,24,24,24,24,24,True,372083.0,372081.69,1.3099999999976717,0.0003520732234896245
2025-04-23,24,24,24,24,24,True,365501.0,365501.22,-0.21999999997206032,-6.019131754801265e-05
2025-04-24,24,24,24,24,24,True,366934.0,366933.65,0.34999999997671694,9.538509209409301e-05
2025-04-25,24,24,24,24,24,True,372903.0,372903.7,-0.7000000000116415,-0.00018771602427426745
2025-04-26,24,24,24,24,24,True,347615.0,347614.17,0.8300000000162981,0.0002387704736018955
2025-04-27,24,24,24,24,24,True,343739.0,343740.49,-1.4899999999906868,-0.00043346653750062634
2025-04-28,24,24,24,24,24,True,358322.0,358323.21,-1.2100000000209548,-0.0003376839585749845
2025-04-29,24,24,24,24,24,True,350636.0,350633.9,2.099999999976717,0.0005989152788639994
2025-04-30,24,24,24,24,24,True,345794.0,345792.66,1.3400000000256114,0.00038751545507808395
2025-05-01,24,24,24,24,24,True,328404.0,328404.22,-0.21999999997206032,-6.699061296230004e-05
2025-05-02,24,24,24,24,24,True,339110.0,339111.12,-1.1199999999953434,-0.00033027522069914526
2025-05-03,24,24,24,24,24,True,332828.0,332825.41,2.5900000000256114,0.0007781857761478043
2025-05-04,24,24,24,24,24,True,333905.0,333905.31,-0.3099999999976717,-9.284069187089948e-05
2025-05-05,24,24,24,24,24,True,364594.0,364594.37,-0.3699999999953434,-0.0001014826422018923
2025-05-06,24,24,24,24,24,True,355726.0,355724.27,1.7299999999813735,0.00048633173102902806
2025-05-07,24,24,24,24,24,True,346080.0,346076.47,3.5300000000279397,0.001020005780811374
2025-05-08,24,24,24,24,24,True,339541.0,339542.72,-1.7199999999720603,-0.0005065636512460231
2025-05-09,24,24,24,24,24,True,331737.0,331736.58,0.41999999998370185,0.00012660647794213766
2025-05-10,24,24,24,24,24,True,311235.0,311234.05,0.9500000000116415,0.00030523652537749055
2025-05-11,24,24,24,24,24,True,300637.0,300636.5,0.5,0.00016631380421206342
2025-05-12,24,24,24,24,24,True,318290.0,318291.55,-1.5499999999883585,-0.0004869749134051339
2025-05-13,24,24,24,24,24,True,322383.0,322382.91,0.09000000002561137,2.7917112611711142e-05
2025-05-14,24,24,24,24,24,True,330721.0,330720.61,0.39000000001396984,0.00011792431079936925
2025-05-15,24,24,24,24,24,True,333567.0,333566.77,0.22999999998137355,6.895171242068673e-05
2025-05-16,24,24,24,24,24,True,328089.0,328089.94,-0.9400000000023283,-0.0002865068035924321
2025-05-17,24,24,24,24,24,True,293999.0,294000.09,-1.0900000000256114,-0.0003707481858340966
2025-05-18,24,24,24,24,24,True,300251.0,300249.82,1.179999999993015,0.0003930060640812424
2025-05-19,24,24,24,24,24,True,314805.0,314802.92,2.080000000016298,0.000660730847101513
2025-05-20,24,24,24,24,24,True,317220.0,317222.35,-2.349999999976717,-0.0007408053057978788
2025-05-21,24,24,24,24,24,True,323326.0,323327.77,-1.7700000000186265,-0.0005474320996364235
2025-05-22,24,24,24,24,24,True,338699.0,338702.15,-3.150000000023283,-0.0009300206686090664
2025-05-23,24,24,24,24,24,True,341499.0,341497.17,1.8300000000162981,0.0005358755974511584
2025-05-24,24,24,24,24,24,True,319145.0,319145.12,-0.11999999999534339,-3.7600449599650274e-05
2025-05-25,24,24,24,24,24,True,321162.0,321163.27999999997,-1.279999999969732,-0.00039855116686120907
2025-05-26,24,24,24,24,24,True,324441.0,324441.39,-0.39000000001396984,-0.00012020661112750436
2025-05-27,24,24,24,24,24,True,325220.0,325221.99,-1.9899999999906868,-0.0006118897433690406
2025-05-28,24,24,24,24,24,True,321000.0,321002.63,-2.6300000000046566,-0.0008193079290361754
2025-05-29,24,24,24,24,24,True,308214.0,308215.56,-1.5599999999976717,-0.0005061392747328109
2025-05-30,24,24,24,24,24,True,315009.0,315009.28,-0.2800000000279397,-8.888627028001831e-05
2025-05-31,24,24,24,24,24,True,304023.0,304022.55,0.45000000001164153,0.00014801533636621414
2025-06-01,24,24,24,24,24,True,306070.0,306067.06,2.9400000000023283,0.0009605738036632653
2025-06-02,24,24,24,24,24,True,322539.0,322539.4,-0.40000000002328306,-0.00012401585667465217
2025-06-03,24,24,24,24,24,True,324847.0,324847.27,-0.27000000001862645,-8.311598247959e-05
2025-06-04,24,24,24,24,24,True,316514.0,316512.27,1.7299999999813735,0.0005465822857298307
2025-06-05,24,24,24,24,24,True,323527.0,323528.11,-1.1099999999860302,-0.00034309228956520355
2025-06-06,24,24,24,24,24,True,322422.0,322420.11,1.8900000000139698,0.0005861917235913014
2025-06-07,24,24,24,24,24,True,301151.0,301150.49,0.5100000000093132,0.00016935054630305043
2025-06-08,24,24,24,24,24,True,292815.0,292816.13,-1.1300000000046566,-0.000385907702558823
2025-06-09,24,24,24,24,24,True,306063.0,306063.29,-0.28999999997904524,-9.47516443344268e-05
2025-06-10,24,24,24,24,24,True,324761.0,324760.93,0.07000000000698492,2.155431689611953e-05
2025-06-11,24,24,24,24,24,True,320010.0,320010.1,-0.09999999997671694,-3.1249013695729275e-05
2025-06-12,24,24,24,24,24,True,314606.0,314609.31,-3.3099999999976717,-0.0010520985535989612
2025-06-13,24,24,24,24,24,True,301108.0,301108.74,-0.7399999999906868,-0.0002457583927954688
2025-06-14,24,24,24,24,24,True,278633.0,278632.46,0.5399999999790452,0.00019380369393395342
2025-06-15,24,24,24,24,24,True,282417.0,282419.17,-2.169999999983702,-0.0007683614394814991
2025-06-16,24,24,24,24,24,True,303011.0,303009.25,1.75,0.0005775401246001566
2025-06-17,24,24,24,24,24,True,310706.0,310705.38,0.6199999999953434,0.00019954594928331895
2025-06-18,24,24,24,24,24,True,312155.0,312153.12,1.8800000000046566,0.0006022685277035375
2025-06-19,24,24,24,24,24,True,313713.0,313713.12,-0.11999999999534339,-3.825150825548622e-05
2025-06-20,24,24,24,24,24,True,313138.0,313138.25,-0.25,-7.983694103163699e-05
2025-06-21,24,24,24,24,24,True,288557.0,288555.04,1.9600000000209548,0.0006792464966201786
2025-06-22,24,24,24,24,24,True,290480.0,290479.67,0.33000000001629815,0.00011360519654139588
2025-06-23,24,24,24,24,24,True,306432.0,306434.78,-2.7800000000279397,-0.000907207726233928
2025-06-24,24,24,24,24,24,True,310194.0,310195.96,-1.9600000000209548,-0.0006318586483269978
2025-06-25,24,24,24,24,24,True,306379.0,306376.9,2.099999999976717,0.0006854302657859377
2025-06-26,24,24,24,24,24,True,309806.0,309804.9,1.099999999976717,0.00035506216976449273
2025-06-27,24,24,24,24,24,True,299643.0,299644.44,-1.4400000000023283,-0.00048056957105639214
2025-06-28,24,24,24,24,24,True,292097.0,292096.64,0.35999999998603016,0.00012324688157523144
2025-06-29,24,24,24,24,24,True,292632.0,292634.31,-2.3099999999976717,-0.0007893811221239477
2025-06-30,24,24,24,24,24,True,309834.0,309835.35,-1.349999999976717,-0.00043571529200161216
2025-07-01,24,24,24,24,24,True,309284.0,309283.17,0.8300000000162981,0.0002683624847793361
2025-07-02,24,24,24,24,24,True,306493.0,306492.08,0.9199999999837019,0.0003001708885866486
2025-07-03,24,24,24,24,24,True,308598.0,308597.26,0.7399999999906868,0.00023979474088353433
2025-07-04,24,24,24,24,24,True,308473.0,308473.24,-0.23999999999068677,-7.780253482949989e-05
2025-07-05,24,24,24,24,24,True,293458.0,293456.24,1.7600000000093132,0.0005997487052956561
2025-07-06,24,24,24,24,24,True,284164.0,284167.41000000003,-3.4100000000325963,-0.0011999968610167493
2025-07-07,24,24,24,24,24,True,300215.0,300215.27,-0.27000000001862645,-8.993546531414823e-05
2025-07-08,24,24,24,24,24,True,297355.0,297352.63,2.3699999999953434,0.0007970334750344543
2025-07-09,24,24,24,24,24,True,296920.0,300050.13,-3130.1300000000047,-1.043202347554392
2025-07-10,24,24,24,24,24,True,295333.0,298274.96,-2941.960000000021,-0.9863248326309458
2025-07-11,24,24,24,24,24,True,292448.0,296533.66,-4085.6599999999744,-1.3778064857797172
2025-07-12,24,24,24,24,24,True,276448.0,284719.62,-8271.619999999995,-2.9051808933996175
2025-07-13,24,24,24,24,24,True,271617.0,279472.31,-7855.309999999998,-2.810765045023601
2025-07-14,24,24,24,24,24,True,286245.0,290086.08,-3841.0800000000163,-1.3241173102825259
2025-07-15,24,24,24,24,24,True,280590.0,287336.43,-6746.429999999993,-2.3479201714867806
2025-07-16,24,24,24,24,24,True,278823.0,284843.2,-6020.200000000012,-2.1135136805091403
2025-07-17,24,24,24,24,24,True,280203.0,283953.35,-3750.3499999999767,-1.320762723876995
2025-07-18,24,24,24,24,24,True,284876.0,289101.18,-4225.179999999993,-1.4614883273738257
2025-07-19,24,24,24,24,24,True,273621.0,283045.8,-9424.799999999988,-3.3297791382172033
2025-07-20,24,24,24,24,24,True,266897.0,275799.82,-8902.820000000007,-3.228000656418125
2025-07-21,24,24,24,24,24,True,287076.0,289991.52999999997,-2915.5299999999697,-1.0053845365759373
2025-07-22,24,24,24,24,24,True,285157.0,288568.51,-3411.5100000000093,-1.1822183924365168
2025-07-23,24,24,24,24,24,True,284841.0,286608.63,-1767.6300000000047,-0.6167399774389224
2025-07-24,24,24,24,24,24,True,285551.0,287943.36,-2392.359999999986,-0.8308439548666745
2025-07-25,24,24,24,24,24,True,284152.0,283554.0,598.0,0.21089457387305416
2025-07-26,24,24,24,24,24,True,277688.0,277556.73,131.27000000001863,0.04729483590616543
2025-07-27,24,24,24,24,24,True,275736.0,276191.67,-455.6699999999837,-0.16498325239134973
2025-07-28,24,24,24,24,24,True,292576.0,287851.93,4724.070000000007,1.6411458488397166
2025-07-29,24,24,24,24,24,True,294949.0,292992.76,1956.2399999999907,0.6676752012575295
2025-07-30,24,24,24,24,24,True,292960.0,293402.53,-442.53000000002794,-0.15082692027230574
2025-07-31,24,24,24,24,24,True,298344.0,292298.94,6045.059999999998,2.0681087656356185
2025-08-01,24,24,24,24,24,True,293741.0,288893.72000000003,4847.27999999997,1.6778765561258893
2025-08-02,24,24,24,24,24,True,284597.0,280634.82,3962.179999999993,1.4118632890957696
2025-08-03,24,24,24,24,24,True,281560.0,281771.55,-211.54999999998836,-0.07507855211073948
2025-08-04,24,24,24,24,24,True,301291.0,303350.84,-2059.8400000000256,-0.679028942197762
2025-08-05,24,24,24,24,24,True,310102.0,314768.32,-4666.320000000007,-1.4824617674358103
2025-08-06,24,24,24,24,24,True,311715.0,316463.34,-4748.340000000026,-1.5004391977914489
2025-08-07,24,24,24,24,24,True,316171.0,318910.76,-2739.7600000000093,-0.8590992665158144
2025-08-08,24,24,24,24,24,True,309435.0,312990.14,-3555.140000000014,-1.1358632575454337
2025-08-09,24,24,24,24,24,True,296744.0,298760.48,-2016.4799999999814,-0.6749487080754394
2025-08-10,24,24,24,24,24,True,290618.0,295472.76,-4854.760000000009,-1.6430482458010711
2025-08-11,24,24,24,24,24,True,317463.0,317799.11,-336.10999999998603,-0.1057617813970549
2025-08-12,24,24,24,24,24,True,315797.0,326552.31,-10755.309999999998,-3.2935948301820304
2025-08-13,24,24,24,24,24,True,313724.0,325520.46,-11796.460000000021,-3.6238766681516794
2025-08-14,24,24,24,24,24,True,312644.0,328138.8,-15494.799999999988,-4.722026166975679
2025-08-15,24,24,24,24,24,True,308341.0,322991.61,-14650.609999999986,-4.535910390985074
2025-08-16,24,24,24,24,24,True,298857.0,304199.34,-5342.340000000026,-1.756197104175185
2025-08-17,24,24,24,24,24,True,296385.0,302484.93,-6099.929999999993,-2.016606248780722
2025-08-18,24,24,24,24,24,True,318251.0,330072.04,-11821.039999999979,-3.581351513445362
2025-08-19,24,24,24,24,24,True,313183.0,323432.66,-10249.659999999974,-3.1690244269085177
2025-08-20,24,24,24,24,24,True,319914.0,321278.29,-1364.289999999979,-0.4246443169253606
2025-08-21,24,24,24,24,24,True,326777.0,322032.91000000003,4744.089999999967,1.4731693105527528
2025-08-22,24,24,24,24,24,True,325326.0,322267.22,3058.780000000028,0.9491440054002477
2025-08-23,24,24,24,24,24,True,308260.0,309064.12,-804.1199999999953,-0.26017902045698327
2025-08-24,24,24,24,24,24,True,306122.0,305849.57,272.429999999993,0.08907320026639011
2025-08-25,24,24,24,24,24,True,326260.0,320572.4,5687.599999999977,1.7742013972506605
2025-08-26,24,24,24,24,24,True,324149.0,320410.05,3738.9500000000116,1.1669265680024743
2025-08-27,24,24,24,24,24,True,320544.0,316567.86,3976.140000000014,1.2560150610362069
2025-08-28,24,24,24,24,24,True,322397.0,318331.85,4065.1500000000233,1.277016421699564
2025-08-29,24,24,24,24,24,True,320358.0,316202.68,4155.320000000007,1.314131809382516
2025-08-30,24,24,24,24,24,True,297330.0,297294.0,36.0,0.01210922521140689
2025-08-31,24,24,24,24,24,True,298865.0,295353.67,3511.3300000000163,1.188856058568704
2025-09-01,24,24,24,24,24,True,313548.0,312708.26,839.7399999999907,0.26853783779168183
2025-09-02,24,24,24,24,24,True,309608.0,307248.84,2359.1599999999744,0.7678336556128167
2025-09-03,24,24,24,24,24,True,310144.0,305648.57,4495.429999999993,1.4707839136953897
2025-09-04,24,24,24,24,24,True,309021.0,310952.16000000003,-1931.1600000000326,-0.6210473019386752
2025-09-05,24,24,24,24,24,True,310532.0,308029.46,2502.539999999979,0.8124352781061847
2025-09-06,24,24,24,24,24,True,293621.0,292187.43,1433.570000000007,0.4906337004298943
2025-09-07,24,24,24,24,24,True,293446.0,294101.56,-655.5599999999977,-0.22290259188016467
2025-09-08,24,24,24,24,24,True,315301.0,307459.06,7841.940000000002,2.5505639677685874
2025-09-09,24,24,24,24,24,True,314664.0,308544.42,6119.580000000016,1.9833708222628095
2025-09-10,24,24,24,24,24,True,314979.0,309648.91,5330.090000000026,1.7213333642931363
2025-09-11,24,24,24,24,24,True,315007.0,317685.37,-2678.3699999999953,-0.8430888712313052
2025-09-12,24,24,24,24,24,True,304697.0,318117.61,-13420.609999999986,-4.218757333176239
2025-09-13,24,24,24,24,24,True,308512.0,305347.98,3164.0200000000186,1.036201385710827
2025-09-14,24,24,24,24,24,True,306968.0,305627.59,1340.4099999999744,0.4385762424131847
2025-09-15,24,24,24,24,24,True,325035.0,334154.47,-9119.469999999972,-2.7291180632717476
2025-09-16,24,24,24,24,24,True,319433.0,327128.77,-7695.770000000019,-2.3525200794781878
2025-09-17,24,24,24,24,24,True,318846.0,319913.59,-1067.5900000000256,-0.3337119876651772
2025-09-18,24,24,24,24,24,True,327708.0,326522.4,1185.5999999999767,0.36309913194316124
2025-09-19,24,24,24,24,24,True,324924.0,327058.99,-2134.9899999999907,-0.6527843799676599
2025-09-20,24,24,24,24,24,True,314963.0,316578.74,-1615.7399999999907,-0.5103753966548703
2025-09-21,24,24,24,24,24,True,316968.0,322007.81,-5039.809999999998,-1.5651204236319602
2025-09-22,24,24,24,24,24,True,347246.0,344416.91,2829.0900000000256,0.8214143724824736
2025-09-23,24,24,24,24,24,True,356306.0,352398.29,3907.710000000021,1.1088901708348304
2025-09-24,24,24,24,24,24,True,357587.0,354153.27,3433.7299999999814,0.9695604391849837
2025-09-25,24,24,24,24,24,True,360510.0,353131.01,7378.989999999991,2.089589923014688
2025-09-26,24,24,24,24,24,True,354320.0,347126.35,7193.650000000023,2.0723433988805584
2025-09-27,24,24,24,24,24,True,330670.0,325520.72,5149.280000000028,1.581859366740166
2025-09-28,24,24,24,24,24,True,327908.0,321416.25,6491.75,2.0197329786530704
2025-09-29,24,24,24,24,24,True,348515.0,342475.65,6039.349999999977,1.7634392401328318
2025-09-30,24,24,24,24,24,True,347232.0,342177.45,5054.549999999988,1.4771721514670204
2025-10-01,24,24,24,24,24,True,354125.0,348962.03,5162.969999999972,1.4795219984248635
2025-10-02,24,24,24,24,24,True,358643.0,350386.86,8256.140000000014,2.3562926988757553
2025-10-03,24,24,24,24,24,True,354582.0,346318.69,8263.309999999998,2.386042174044952
2025-10-04,24,24,24,24,24,True,342026.0,326786.0,15240.0,4.6636024799104
2025-10-05,24,24,24,24,24,True,337218.0,323057.9,14160.099999999977,4.383146179059536
2025-10-06,24,24,24,24,24,True,357644.0,348137.83,9506.169999999984,2.7305765650345966
2025-10-07,24,24,24,24,24,True,352237.0,345420.69,6816.309999999998,1.9733357605185715
2025-10-08,24,24,24,24,24,True,347622.0,342199.38,5422.619999999995,1.5846375875958616
2025-10-09,24,24,24,24,24,True,359771.0,354471.78,5299.219999999972,1.4949624480684955
2025-10-10,24,24,24,24,24,True,365770.0,357583.57,8186.429999999993,2.2893753200126037
2025-10-11,24,24,24,24,24,True,339790.0,331834.83,7955.169999999984,2.3973282129546147
2025-10-12,24,24,24,24,24,True,336773.0,331053.82,5719.179999999993,1.7275680431659097
2025-10-13,24,24,24,24,24,True,363400.0,363513.05,-113.04999999998836,-0.03109929616006588
2025-10-14,24,24,24,24,24,True,358379.0,353728.61,4650.390000000014,1.3146773737074913
2025-10-15,24,24,24,24,24,True,359521.0,356039.97,3481.030000000028,0.9777076433300531
2025-10-16,24,24,24,24,24,True,371278.0,368423.02,2854.9799999999814,0.7749190047896521
2025-10-17,24,24,24,24,24,True,386706.0,381929.67,4776.330000000016,1.2505784114651308
2025-10-18,24,24,24,24,24,True,378861.0,375629.85,3231.1500000000233,0.8601952161150195
2025-10-19,24,24,24,24,24,True,374383.0,371932.64,2450.359999999986,0.6588182204175428
2025-10-20,24,24,24,24,24,True,394817.0,388948.14,5868.859999999986,1.5089055317246114
2025-10-21,24,24,24,24,24,True,393007.0,384038.29,8968.710000000021,2.335368694616368
2025-10-22,24,24,24,24,24,True,375747.0,371751.46,3995.539999999979,1.0747879779678549
2025-10-23,24,24,24,24,24,True,372977.0,368551.97,4425.030000000028,1.2006529228428837
2025-10-24,24,24,24,24,24,True,384426.0,371313.7,13112.299999999988,3.5313267460909703
2025-10-25,24,24,24,24,24,True,363677.0,358472.48,5204.520000000019,1.4518604050163122
2025-10-26,25,25,25,25,25,True,370633.0,374432.0,-3799.0,-1.0146034526963508
2025-10-27,24,24,24,24,24,True,389646.0,386145.57,3500.429999999993,0.9065052850405594
2025-10-28,24,24,24,24,24,True,403320.0,399579.67,3740.3300000000163,0.9360661417033596
2025-10-29,24,24,24,24,24,True,407390.0,405346.15,2043.8499999999767,0.5042233656345266
2025-10-30,24,24,24,24,24,True,417294.0,413090.07,4203.929999999993,1.0176787837093235
2025-10-31,24,24,24,24,24,True,420916.0,418570.2,2345.7999999999884,0.5604316790827413
2025-11-01,24,24,24,24,24,True,392491.0,386351.62,6139.380000000005,1.589065421804108
2025-11-02,24,24,24,24,24,True,376236.0,370635.2,5600.799999999988,1.5111354776880308
2025-11-03,24,24,24,24,24,True,395142.0,386572.92,8569.080000000016,2.2166788092657956
2025-11-04,24,24,24,24,24,True,380924.0,367970.84,12953.159999999974,3.520159369150005
2025-11-05,24,24,24,24,24,True,373350.0,368750.66,4599.340000000026,1.2472764116544295
2025-11-06,24,24,24,24,24,True,377223.0,372728.32,4494.679999999993,1.2058863678509841
2025-11-07,24,24,24,24,24,True,375468.0,372145.44,3322.5599999999977,0.8928122295412239
2025-11-08,24,24,24,24,24,True,370450.0,366299.87,4150.130000000005,1.1329870250841216
2025-11-09,24,24,24,24,24,True,376336.0,373572.51,2763.4899999999907,0.7397466157239435
2025-11-10,24,24,24,24,24,True,392406.0,399978.7,-7572.700000000012,-1.8932758169372548
2025-11-11,24,24,24,24,24,True,403626.0,400238.34,3387.6599999999744,0.8464106662045355
2025-11-12,24,24,24,24,24,True,399461.0,391190.6,8270.400000000023,2.1141612298455086
2025-11-13,24,24,24,24,24,True,414896.0,411150.94,3745.0599999999977,0.9108722942479465
2025-11-14,24,24,24,24,24,True,451738.0,444836.1,6901.900000000023,1.5515602263395492
2025-11-15,24,24,24,24,24,True,441282.0,435057.56,6224.440000000002,1.4307164320969397
2025-11-16,24,24,24,24,24,True,431529.0,425650.86,5878.140000000014,1.380976887959304
2025-11-17,24,22,24,24,24,False,,,,
2025-11-18,24,0,24,24,24,False,,,,
2025-11-19,24,0,24,24,24,False,,,,
2025-11-20,24,0,24,24,24,False,,,,
2025-11-21,24,0,24,24,24,False,,,,
2025-11-22,24,0,24,24,24,False,,,,
2025-11-23,24,0,24,24,24,False,,,,
2025-11-24,24,0,24,24,24,False,,,,
2025-11-25,24,0,24,24,24,False,,,,
2025-11-26,24,24,24,24,24,True,495261.0,489168.23,6092.770000000019,1.2455367348774917
2025-11-27,24,24,24,24,24,True,459335.0,455096.75,4238.25,0.9312854903929769
2025-11-28,24,24,24,24,24,True,425924.0,420916.24,5007.760000000009,1.1897283887169594
2025-11-29,24,24,24,24,24,True,413791.0,410111.74,3679.2600000000093,0.8971359854268033
2025-11-30,24,24,24,24,24,True,441160.0,433011.78,8148.219999999972,1.8817548104580368
2025-12-01,24,24,24,24,24,True,458578.0,452552.97000000003,6025.02999999997,1.331342494559249
2025-12-02,24,24,24,24,24,True,438778.0,433426.38,5351.619999999995,1.2347241070098214
2025-12-03,24,24,24,24,24,True,434594.0,428254.15,6339.849999999977,1.480394293902342
2025-12-04,24,24,24,24,24,True,441027.0,432922.03,8104.969999999972,1.8721546695140396
2025-12-05,24,24,24,24,24,True,448907.0,440612.33999999997,8294.660000000033,1.88253011706391
2025-12-06,24,24,24,24,24,True,426009.0,419680.25,6328.75,1.5079932877470408
2025-12-07,24,24,24,24,24,True,419028.0,415543.43,3484.570000000007,0.8385573560867048
2025-12-08,24,24,24,24,24,True,444147.0,436424.05,7722.950000000012,1.76959771121688
2025-12-09,24,24,24,24,24,True,439555.0,441694.16,-2139.1599999999744,-0.48430796549358374
2025-12-10,24,24,24,24,24,True,441991.0,434640.85,7350.150000000023,1.6910858700925198
2025-12-11,24,24,24,24,24,True,433915.0,426621.7,7293.299999999988,1.709547357764499
2025-12-12,24,24,24,24,24,True,442475.0,434648.99,7826.010000000009,1.8005356460163429
2025-12-13,24,24,24,24,24,True,418338.0,411863.96,6474.039999999979,1.5718879602866875
2025-12-14,24,24,24,24,24,True,400681.0,396678.83999999997,4002.1600000000326,1.0089169364315054
2025-12-15,24,24,24,24,24,True,412707.0,406159.98,6547.020000000019,1.6119313379915026
2025-12-16,24,24,24,24,24,True,419917.0,412738.83,7178.169999999984,1.739155484837708
2025-12-17,24,24,24,24,24,True,435141.0,429101.55,6039.450000000012,1.4074640373589915
2025-12-18,24,24,24,24,24,True,428742.0,423048.51,5693.489999999991,1.3458243831186145
2025-12-19,24,24,24,24,24,True,422155.0,416313.95,5841.049999999988,1.4030397011678297
2025-12-20,24,24,24,24,24,True,407105.0,405903.0,1202.0,0.29612986353882575
2025-12-21,24,24,24,24,24,True,431770.0,430013.17,1756.8300000000163,0.4085526031679486
2025-12-22,24,24,24,24,24,True,472306.0,469917.01,2388.9899999999907,0.5083855125823155
2025-12-23,24,24,24,24,24,True,473270.0,468374.75,4895.25,1.045156682763108
2025-12-24,24,24,24,24,24,True,457118.0,456178.87,939.1300000000047,0.20586880755787848
2025-12-25,24,24,24,24,24,True,440575.0,438607.09,1967.9099999999744,0.4486726377359687
2025-12-26,24,24,24,24,24,True,435180.0,435272.45,-92.45000000001164,-0.021239570756203762
2025-12-27,24,24,24,24,24,True,442954.0,436958.21,5995.789999999979,1.3721655441603853
2025-12-28,24,24,24,24,24,True,450919.0,447480.77,3438.2299999999814,0.7683525707708023
2025-12-29,24,24,24,24,24,True,481614.0,474667.73,6946.270000000019,1.4633963003973367
2025-12-30,24,24,24,24,24,True,485321.0,478717.04,6603.960000000021,1.3795122062084988
2025-12-31,24,24,24,24,24,True,475564.0,470548.95,5015.049999999988,1.0657870982391924
2026-01-01,24,24,24,24,24,True,464096.0,459837.82,4258.179999999993,0.9260177860098573
2026-01-02,24,24,24,24,24,True,507397.0,506999.7,397.29999999998836,0.07836296550076624
2026-01-03,24,24,24,24,24,True,520015.0,515899.16000000003,4115.839999999967,0.7977993218674687
2026-01-04,24,24,24,24,24,True,520700.0,517908.86,2791.140000000014,0.5389249374880387
2026-01-05,24,24,24,24,24,True,547792.0,542960.19,4831.810000000056,0.8899013388071889
2026-01-06,24,24,24,24,24,True,562839.0,557296.23,5542.770000000019,0.9945823606235447
2026-01-07,24,24,24,24,24,True,574672.0,573480.37,1191.6300000000047,0.20778915239941076
2026-01-08,24,24,24,24,24,True,561764.0,569874.93,-8110.930000000051,-1.4232824735771497
2026-01-09,24,24,24,24,24,True,545772.0,553196.62,-7424.619999999995,-1.342130398410604
2026-01-10,24,24,24,24,24,True,521530.0,533928.14,-12398.140000000014,-2.3220615418396964
2026-01-11,24,24,24,24,24,True,533926.0,545655.46,-11729.459999999963,-2.149609205779772
2026-01-12,24,24,24,24,24,True,549266.0,550399.44,-1133.4399999999441,-0.20593044208038153
2026-01-13,24,24,24,24,24,True,526821.0,527800.82,-979.8199999999488,-0.1856420003288265
2026-01-14,24,24,24,24,24,True,510099.0,508447.76,1651.2399999999907,0.32476099412848053
2026-01-15,24,24,24,24,24,True,508071.0,506299.75,1771.25,0.3498421636589787
2026-01-16,24,24,24,24,24,True,484367.0,481624.51,2742.4899999999907,0.5694249239931728
2026-01-17,24,24,24,24,24,True,455490.0,458636.03,-3146.030000000028,-0.6859535217937474
2026-01-18,24,24,24,24,24,True,450379.0,448119.89,2259.109999999986,0.5041307137694749
2026-01-19,24,24,24,24,24,True,469433.0,470696.39,-1263.390000000014,-0.2684086869669882
2026-01-20,24,24,24,24,24,True,489153.0,488774.5,378.5,0.0774385734116653
2026-01-21,24,24,24,24,24,True,510408.0,504321.37,6086.630000000005,1.2068951192768225
2026-01-22,24,24,24,24,24,True,513401.0,507616.37,5784.630000000005,1.1395672680926354
2026-01-23,24,24,24,24,24,True,528288.0,521950.78,6337.219999999972,1.2141413027488859
2026-01-24,24,24,24,24,24,True,509352.0,502588.52,6763.479999999981,1.345729106586036
2026-01-25,24,24,24,24,24,True,500992.0,496026.05,4965.950000000012,1.0011470163714207
2026-01-26,24,24,24,24,24,True,538420.0,534466.02,3953.9799999999814,0.7398000718548919
2026-01-27,24,24,24,24,24,True,538603.0,537017.89,1585.109999999986,0.2951689374817636
2026-01-28,24,24,24,24,24,True,549293.0,544924.19,4368.810000000056,0.8017280348666584
2026-01-29,24,24,24,24,24,True,561348.0,558124.65,3223.3499999999767,0.5775322770639097
2026-01-30,24,24,24,24,24,True,558208.0,553456.53,4751.469999999972,0.8585082553818584
2026-01-31,24,24,24,24,24,True,524229.0,517577.52999999997,6651.47000000003,1.2851156811231799
2026-02-01,24,24,24,24,24,True,513137.0,505761.66,7375.340000000026,1.4582639577701533
2026-02-02,24,24,24,24,24,True,541774.0,535259.72,6514.280000000028,1.217031612242376
2026-02-03,24,24,24,24,24,True,539513.0,538813.35,699.6500000000233,0.12985016054261153
2026-02-04,24,24,24,24,24,True,532499.0,540765.77,-8266.770000000019,-1.528715473244547
2026-02-05,24,24,24,24,24,True,543964.0,546089.87,-2125.8699999999953,-0.38928940395836226
2026-02-06,24,24,24,24,24,True,549643.0,547112.17,2530.829999999958,0.4625797302224072
2026-02-07,24,24,24,24,24,True,512066.0,509210.49,2855.5100000000093,0.5607720296571285
2026-02-08,24,24,24,24,24,True,508341.0,502985.59,5355.409999999974,1.0647243393195367
2026-02-09,24,24,24,24,24,True,528170.0,523615.33,4554.669999999984,0.8698503918897836
2026-02-10,24,24,24,24,24,True,527977.0,524949.71,3027.2900000000373,0.5766819073011846
2026-02-11,24,24,24,24,24,True,521559.0,523222.02,-1663.0200000000186,-0.317842127515967
2026-02-12,24,24,24,24,24,True,535185.0,533277.56,1907.4399999999441,0.35768240463745443
2026-02-13,24,24,24,24,24,True,539887.0,536823.94,3063.060000000056,0.5705893071758417
2026-02-14,24,24,24,24,24,True,526858.0,523819.82,3038.179999999993,0.5800047810332937
2026-02-15,24,24,24,24,24,True,515815.0,512490.43,3324.570000000007,0.6487086988141432
2026-02-16,24,24,24,24,24,True,525393.0,517368.46,8024.539999999979,1.5510299951411763
2026-02-17,24,24,24,24,24,True,530458.0,523627.44,6830.559999999998,1.3044694525558092
2026-02-18,24,24,24,24,24,True,522964.0,519634.79,3329.210000000021,0.640682660989658
2026-02-19,24,24,24,24,24,True,528482.0,528118.87,363.13000000000466,0.0687591412895367
2026-02-20,24,24,24,24,24,True,518708.0,516532.04,2175.960000000021,0.42126331601811595
2026-02-21,24,24,24,24,24,True,468173.0,466224.72,1948.280000000028,0.41788431981899804
2026-02-22,24,24,24,24,24,True,477240.0,476374.46,865.539999999979,0.18169319992511332
2026-02-23,24,24,24,24,24,True,490049.0,488299.77,1749.2299999999814,0.3582287167573274
2026-02-24,24,24,24,24,24,True,485378.0,482803.91,2574.0900000000256,0.5331543400301016
2026-02-25,24,24,24,24,24,True,491028.0,482105.33,8922.669999999984,1.850771904969394
2026-02-26,24,24,24,24,24,True,466165.0,462202.43,3962.570000000007,0.8573234891906577
2026-02-27,24,24,24,24,24,True,450105.0,443529.4,6575.599999999977,1.482562373542763
2026-02-28,24,24,24,24,24,True,438908.0,435663.53,3244.469999999972,0.7447192102584239
2026-03-01,24,24,24,24,24,True,430070.0,427658.74,2411.2600000000093,0.5638280653401376
2026-03-02,24,24,24,24,24,True,454152.0,451802.46,2349.539999999979,0.5200370090946337
2026-03-03,24,24,24,24,24,True,434572.0,430307.8,4264.200000000012,0.990965071978712
2026-03-04,24,24,24,24,24,True,437998.0,434651.77,3346.2299999999814,0.7698645745765584
2026-03-05,24,24,24,24,24,True,438470.0,434733.48,3736.5200000000186,0.8594967196913426
2026-03-06,24,24,24,24,24,True,432994.0,432761.06,232.94000000000233,0.053826469507215445
2026-03-07,24,24,24,24,24,True,413763.0,412354.86,1408.140000000014,0.34148742663055165
2026-03-08,24,24,24,24,24,True,410824.0,408077.07,2746.929999999993,0.6731400026960577
2026-03-09,24,24,24,24,24,True,434657.0,429840.57,4816.429999999993,1.1205154506472
2026-03-10,24,24,24,24,24,True,437915.0,434917.49,2997.5100000000093,0.6892134873674566
2026-03-11,24,24,24,24,24,True,433279.0,426338.92,6940.080000000016,1.627831679078236
2026-03-12,24,24,24,24,24,True,433926.0,428811.59,5114.409999999974,1.1926939754590062
2026-03-13,24,24,24,24,24,True,434001.0,427894.29,6106.710000000021,1.4271538888728852
2026-03-14,24,24,24,24,24,True,410112.0,405453.06,4658.940000000002,1.1490701291044647
2026-03-15,24,24,24,24,24,True,409859.0,404587.57,5271.429999999993,1.3029144716433065
2026-03-16,24,24,24,24,24,True,432611.0,427462.39,5148.609999999986,1.2044591806076754
2026-03-17,24,24,24,24,24,True,434584.0,429234.11,5349.890000000014,1.2463804425980998
2026-03-18,24,24,24,24,24,True,414357.0,412127.12,2229.8800000000047,0.5410660671882027
2026-03-19,24,24,24,24,24,True,405169.0,402373.7,2795.2999999999884,0.6947024619153758
2026-03-20,24,24,24,24,24,True,403345.0,395267.92,8077.080000000016,2.043444355413416
2026-03-21,24,24,24,24,24,True,390006.0,384546.11,5459.890000000014,1.4198271307438304
2026-03-22,24,24,24,24,24,True,394579.0,387915.99,6663.010000000009,1.7176425235783679
2026-03-23,24,24,24,24,24,True,419543.0,410942.87,8600.130000000005,2.092779952600225
2026-03-24,24,24,24,24,24,True,417609.0,409911.95999999996,7697.040000000037,1.8777300374451231
2026-03-25,24,24,24,24,24,True,416972.0,409678.33,7293.669999999984,1.7803406882663244
2026-03-26,24,24,24,24,24,True,421940.0,415429.87,6510.130000000005,1.5670827906524885
2026-03-27,24,24,24,24,24,True,432161.0,428053.38,4107.619999999995,0.959604617536251
2026-03-28,24,24,24,24,24,True,403723.0,397399.52,6323.479999999981,1.5912148056947781
2026-03-29,23,23,23,23,23,True,382195.0,377344.68,4850.320000000007,1.2853818424046701
2026-03-30,24,24,24,24,24,True,412443.0,408244.2,4198.799999999988,1.0285020583268516
2026-03-31,24,24,24,24,24,True,403971.0,397927.63,6043.369999999995,1.518710826890808
2026-04-01,24,24,24,24,24,True,390173.0,386870.81,3302.1900000000023,0.8535640101665986
2026-04-02,24,24,24,24,24,True,385814.0,380510.13,5303.869999999995,1.3938840471868634
2026-04-03,24,24,24,24,24,True,398216.0,394074.7,4141.299999999988,1.050892127812313
2026-04-04,24,24,24,24,24,True,384135.0,378677.59,5457.409999999974,1.4411758562211126
2026-04-05,24,24,24,24,24,True,391524.0,384428.84,7095.159999999974,1.8456367633604112
2026-04-06,24,24,24,24,24,True,384651.0,378133.87,6517.130000000005,1.7234980828350566
2026-04-07,24,24,24,24,24,True,397910.0,393891.11,4018.890000000014,1.0203048248537556
2026-04-08,24,24,24,24,24,True,398589.0,394944.52,3644.4799999999814,0.922782774654015
2026-04-09,24,24,24,24,24,True,387765.0,384773.52999999997,2991.4700000000303,0.7774625245141032
2026-04-10,24,24,24,24,24,True,391936.0,391464.08999999997,471.9100000000326,0.12055001009161087
2026-04-11,24,24,24,24,24,True,374156.0,371546.57,2609.429999999993,0.7023157285505268
2026-04-12,24,24,24,24,24,True,380606.0,374755.9,5850.099999999977,1.5610428014608912
2026-04-13,24,24,24,24,24,True,388654.0,386724.66,1929.3400000000256,0.4988924161184926
2026-04-14,24,24,24,24,24,True,391225.0,388183.03,3041.969999999972,0.783643221085675
2026-04-15,24,24,24,24,24,True,380438.0,380292.89,145.10999999998603,0.03815743176265694
2026-04-16,24,24,24,24,24,True,375385.0,372018.18,3366.820000000007,0.905014910830435
2026-04-17,24,24,24,24,24,True,362875.0,359954.36,2920.640000000014,0.811391755332541
2026-04-18,24,24,24,24,24,True,350788.0,343797.24,6990.760000000009,2.0333961959671374
2026-04-19,24,24,24,24,24,True,351295.0,347140.71,4154.289999999979,1.1967164554108272
2026-04-20,24,24,24,24,24,True,363654.0,358765.63,4888.369999999995,1.3625524830792726
2026-04-21,24,24,24,24,24,True,358421.0,354929.15,3491.8499999999767,0.9838160658260885
2026-04-22,24,24,24,24,24,True,357666.0,354104.97,3561.030000000028,1.0056424794037848
2026-04-23,24,24,24,24,24,True,357787.0,354979.35,2807.6500000000233,0.7909333317557834
2026-04-24,24,24,24,24,24,True,359557.0,354494.27,5062.729999999981,1.4281556652523555
2026-04-25,24,24,24,24,24,True,358341.0,351128.71,7212.289999999979,2.0540302728307176
2026-04-26,24,24,24,24,24,True,366791.0,357976.19,8814.809999999998,2.462401200482076
2026-04-27,24,24,24,24,24,True,381375.0,375800.88,5574.119999999995,1.4832642222657901
2026-04-28,24,24,24,24,24,True,372058.0,367334.1,4723.900000000023,1.2859955010983253
2026-04-29,24,24,24,24,24,True,359209.0,357410.16,1798.8400000000256,0.5032985072388613
2026-04-30,24,24,24,24,24,True,348507.0,345581.52999999997,2925.4700000000303,0.8465354036716113
2026-05-01,24,24,24,24,24,True,318180.0,316943.46,1236.539999999979,0.39014529594646913
2026-05-02,24,24,24,24,24,True,332097.0,324611.74,7485.260000000009,2.305911671586496
2026-05-03,24,24,24,24,24,True,344398.0,335473.49,8924.51000000001,2.660272798306659
2026-05-04,24,24,24,24,24,True,364530.0,356698.16,7831.840000000026,2.1956491168892
2026-05-05,24,24,24,24,24,True,376335.0,369459.34,6875.659999999974,1.8610058687378086
2026-05-06,24,24,24,24,24,True,372058.0,365620.19,6437.809999999998,1.7607917112017248
2026-05-07,24,24,24,24,24,True,367061.0,360347.83,6713.169999999984,1.8629694537080974
2026-05-08,24,24,24,24,24,True,358413.0,351976.24,6436.760000000009,1.8287484405197378
2026-05-09,24,24,24,24,24,True,338518.0,332848.42,5669.580000000016,1.7033519341927525
2026-05-10,24,24,24,24,24,True,342589.0,337240.79,5348.210000000021,1.5858728121233558
2026-05-11,24,24,24,24,24,True,363931.0,359569.07,4361.929999999993,1.2130993358244058
2026-05-12,24,24,24,24,24,True,359521.0,353096.32,6424.679999999993,1.8195261848098538
2026-05-13,24,24,24,24,24,True,354426.0,349939.1,4486.900000000023,1.2821945304197284
2026-05-14,24,24,24,24,24,True,355774.0,346500.32,9273.679999999993,2.6763842526898656
2026-05-15,24,24,24,24,24,True,352278.0,347899.72,4378.280000000028,1.2584890841533383
2026-05-16,24,24,24,24,24,True,331785.0,329095.71,2689.289999999979,0.817175647777353
2026-05-17,24,24,24,24,24,True,315467.0,313712.3,1754.7000000000116,0.5593341415048156
2026-05-18,24,24,24,24,24,True,343657.0,338798.15,4858.849999999977,1.4341430140630864
2026-05-19,24,24,24,24,24,True,333984.0,328734.85,5249.150000000023,1.5967732049096783
2026-05-20,24,24,24,24,24,True,317026.0,318650.95,-1624.9500000000116,-0.5099466987310132
2026-05-21,24,24,24,24,24,True,330152.0,323816.64,6335.359999999986,1.9564652390933295
2026-05-22,24,24,24,24,24,True,331019.0,325222.67,5796.330000000016,1.7822650555079744
2026-05-23,24,24,24,24,24,True,307791.0,303813.07,3977.929999999993,1.3093347169033882
2026-05-24,24,24,24,24,24,True,305038.0,300518.95,4519.049999999988,1.503748765260889
2026-05-25,24,24,24,24,24,True,317908.0,310620.96,7287.039999999979,2.3459588818475026
2026-05-26,24,24,24,24,24,True,334733.0,330114.23,4618.770000000019,1.399142957272705
2026-05-27,24,24,24,24,24,True,331514.0,329567.45,1946.5499999999884,0.5906378193598877
2026-05-28,24,24,24,24,24,True,337807.0,333274.82,4532.179999999993,1.3598927155672886
2026-05-29,24,24,24,24,24,True,335920.0,331293.74,4626.260000000009,1.3964224014616182
2026-05-30,24,24,24,24,24,True,311704.0,308260.26,3443.7399999999907,1.1171534079676668
2026-05-31,24,24,24,24,24,True,311732.0,304971.12,6760.880000000005,2.2168918814345453
2026-06-01,24,24,24,24,24,True,329396.0,324635.53,4760.469999999972,1.4664044936794107
2026-06-02,24,24,24,24,24,True,325376.0,320201.98,5174.020000000019,1.615861338521398
2026-06-03,24,24,24,24,24,True,321772.0,318288.6,3483.4000000000233,1.094415571277144
2026-06-04,24,24,24,24,24,True,322634.0,316614.33999999997,6019.660000000033,1.9012594312689794
2026-06-05,24,24,24,24,24,True,322588.0,316568.52,6019.479999999981,1.9014777590646035
2026-06-06,24,24,24,24,24,True,308505.0,298846.13,9658.869999999995,3.23205456935313
2026-06-07,24,24,24,24,24,True,301431.0,296327.12,5103.880000000005,1.7223803207752313
2026-06-08,24,24,24,24,24,True,325154.0,319238.68,5915.320000000007,1.8529458898902875
2026-06-09,24,24,24,24,24,True,331349.0,326063.4,5285.599999999977,1.621034436861045
2026-06-10,24,24,24,24,24,True,325729.0,319486.22,6242.780000000028,1.9540060288046315
2026-06-11,24,24,24,24,24,True,326851.0,317940.51,8910.48999999999,2.802565171704603
2026-06-12,24,24,24,24,24,True,327313.0,322085.67,5227.330000000016,1.6229626111587072
2026-06-13,24,24,24,24,24,True,305191.0,301457.08,3733.9199999999837,1.2386240853921837
2026-06-14,24,24,24,24,24,True,297332.0,294260.88,3071.1199999999953,1.043672539822485
2026-06-15,24,24,24,24,24,True,322758.0,315270.3,7487.700000000012,2.375009634589751
2026-06-16,24,24,24,24,24,True,315554.0,313257.69,2296.3099999999977,0.733041860839872
2026-06-17,24,24,24,24,24,True,317295.0,316486.22,808.7800000000279,0.2555498308899604
2026-06-18,24,24,24,24,24,True,317909.0,313892.97,4016.030000000028,1.2794265510310818
2026-06-19,24,24,24,24,24,True,313607.0,309029.29,4577.710000000021,1.4813191332122664
2026-06-20,24,24,24,24,24,True,294527.0,290459.44,4067.5599999999977,1.4003882951781488
2026-06-21,24,24,24,24,24,True,295829.0,290183.17,5645.830000000016,1.9456090441082494
2026-06-22,24,24,24,24,24,True,323527.0,317281.27,6245.729999999981,1.9685151915837897
2026-06-23,24,24,24,24,24,True,326954.0,320518.83999999997,6435.160000000033,2.007732213182861
2026-06-24,24,24,24,24,24,True,320443.0,314692.77999999997,5750.22000000003,1.8272487853073816
2026-06-25,24,24,24,24,24,True,317277.0,314178.25,3098.75,0.9863031575228394
2026-06-26,24,24,24,24,24,True,318505.0,314199.16000000003,4305.839999999967,1.3704174129555173
2026-06-27,24,24,24,24,24,True,302657.0,295872.86,6784.140000000014,2.292924062044763
2026-06-28,24,24,24,24,24,True,297723.0,290757.4,6965.599999999977,2.395674194362715
2026-06-29,24,24,24,24,24,True,315181.0,311146.33,4034.6699999999837,1.2967114219216351
2026-06-30,24,24,24,24,24,True,319300.0,312677.9,6622.099999999977,2.1178663410493597
2026-07-01,24,24,24,24,24,True,316640.0,308355.79,8284.210000000021,2.686575141008386
2026-07-02,24,24,24,24,24,True,319868.0,314267.09,5600.909999999974,1.7822133396150306
2026-07-03,24,24,24,24,24,True,313291.0,307436.4,5854.599999999977,1.904328830288143
2026-07-04,24,24,24,24,24,True,300101.0,292629.3,7471.700000000012,2.553298661480587
2026-07-05,24,24,24,24,24,True,291386.0,285807.63,5578.369999999995,1.9517918398469611
2026-07-06,24,24,24,24,24,True,312407.0,306334.03,6072.969999999972,1.9824666557613504
2026-07-07,24,24,24,24,24,True,313294.0,307254.3,6039.700000000012,1.9657007241233115
2026-07-08,24,24,24,24,24,True,308163.0,304149.17,4013.8300000000163,1.3196912554454832
2026-07-09,24,24,24,24,24,True,305513.0,302250.94,3262.0599999999977,1.0792555351523465
2026-07-10,24,24,24,24,24,True,300451.0,298228.2,2222.7999999999884,0.7453352835177854
2026-07-11,24,24,24,24,24,True,285642.0,283645.76,1996.2399999999907,0.7037792491592296
2026-07-12,24,24,24,24,24,True,282905.0,278209.02,4695.979999999981,1.6879323323161777
2026-07-13,24,24,24,24,24,True,295608.0,292917.77999999997,2690.2200000000303,0.9184215447761589
2026-07-14,24,24,24,24,24,True,297040.0,293901.08999999997,3138.9100000000326,1.0680157736060227
2026-07-15,24,24,24,24,24,True,298693.0,295565.58,3127.4199999999837,1.0581137357062969
2026-07-16,24,24,24,24,24,True,303596.0,296423.94,7172.059999999998,2.41952792341941
2026-07-17,24,24,24,24,24,True,300335.0,297329.08,3005.9199999999837,1.010974103172143
2026-07-18,24,24,24,24,24,True,289313.0,286072.56,3240.4400000000023,1.1327335973782324
2026-07-19,24,24,24,24,24,True,287719.0,284697.4,3021.5999999999767,1.0613374059615495
2026-07-20,24,24,24,24,24,True,297568.0,295037.0,2531.0,0.857858505882313
2026-07-21,24,24,24,24,24,True,298389.0,295311.65,3077.3499999999767,1.0420686078588421
2026-07-22,24,24,24,24,24,True,294813.0,291504.45,3308.5499999999884,1.1349912497047603
2026-07-23,24,24,24,24,24,True,299474.0,295918.49,3555.5100000000093,1.2015166744058505
2026-07-24,24,24,24,24,24,True,301937.0,297958.08,3978.9199999999837,1.3353959053568822
2026-07-25,24,24,24,24,24,True,290257.0,286664.49,3592.5100000000093,1.2532106784485268
2026-07-26,24,24,24,24,24,True,288794.0,280842.8,7951.200000000012,2.8311923966005224
2026-07-27,24,24,24,24,24,True,303471.0,298351.13,5119.869999999995,1.7160551729768865
2026-07-28,24,24,24,24,24,True,304455.0,300094.13,4360.869999999995,1.4531673778490752
2026-07-29,24,24,24,24,24,True,302679.0,299243.42,3435.5800000000163,1.1480887365877641
2026-07-30,24,24,24,24,24,True,302036.0,297620.85,4415.150000000023,1.4834814160365524
2026-07-31,24,24,24,24,24,True,302565.0,298598.92,3966.0800000000163,1.3282298542807913
2026-08-01,24,24,24,24,24,True,296671.0,289795.34,6875.659999999974,2.3725916365666797
2026-08-02,24,24,24,24,24,True,293569.0,288348.17,5220.830000000016,1.8105993181784426
2026-08-03,24,24,24,24,24,True,314707.0,309055.61,5651.390000000014,1.8285997138184984
2026-08-04,24,24,24,24,24,True,314733.0,310849.32,3883.679999999993,1.2493770293594315
2026-08-05,24,24,24,24,24,True,317959.0,313510.54,4448.460000000021,1.4189188025385115
2026-08-06,24,24,24,24,24,True,308212.0,306457.08,1754.9199999999837,0.5726478892248088
2026-08-07,24,24,24,24,24,True,315129.0,310831.22,4297.780000000028,1.3826732076655712
2026-08-08,24,24,24,24,24,True,298110.0,297636.12,473.88000000000466,0.1592145469441023
2026-08-09,24,24,24,24,24,True,302795.0,297330.76,5464.239999999991,1.8377647842423
2026-08-10,24,24,24,24,24,True,319135.0,315569.11,3565.890000000014,1.129987025662941
2026-08-11,24,24,24,24,24,True,326749.0,321623.17,5125.830000000016,1.593737789475807
2026-08-12,24,24,24,24,24,True,329968.0,325360.87,4607.130000000005,1.4160061718546562
2026-08-13,24,24,24,24,24,True,325037.0,320586.55,4450.450000000012,1.388221059180434
2026-08-14,24,24,24,24,24,True,316896.0,316241.88,654.1199999999953,0.20684167448030455
2026-08-15,24,24,24,24,24,True,302215.0,299101.72,3113.280000000028,1.0408766622940278
2026-08-16,24,24,24,24,24,True,291243.0,294506.49,-3263.4899999999907,-1.1081215901218309
2026-08-17,24,24,24,24,24,True,324372.0,322525.89,1846.109999999986,0.5723912582645647
2026-08-18,24,24,24,24,24,True,326075.0,321488.43,4586.570000000007,1.4266672054107847
2026-08-19,24,24,24,24,24,True,321689.0,318623.06,3065.9400000000023,0.9622467375713492
2026-08-20,24,24,24,24,24,True,323535.0,323026.56,508.4400000000023,0.1573988219420726
2026-08-21,24,24,24,24,24,True,322341.0,320299.85,2041.1500000000233,0.637262240366339
2026-08-22,24,24,24,24,24,True,305726.0,304887.76,838.2399999999907,0.2749339625834736
2026-08-23,24,24,24,24,24,True,307680.0,305369.42,2310.5800000000163,0.7566507478057287
2026-08-24,24,24,24,24,24,True,323884.0,323647.79,236.21000000002095,0.07298365918087096
2026-08-25,24,24,24,24,24,True,328355.0,319923.04,8431.960000000021,2.6356213669387554
2026-08-26,24,24,24,24,24,True,319453.0,315982.63,3470.3699999999953,1.0982787250045976
2026-08-27,24,24,24,24,24,True,316368.0,316752.52,-384.5200000000186,-0.12139445646715569
2026-08-28,24,24,24,24,24,True,318737.0,319485.93,-748.929999999993,-0.23441720892059098
2026-08-29,24,24,24,24,24,True,300958.0,298984.97000000003,1973.0299999999697,0.6599094262162976
2026-08-30,24,24,24,24,24,True,297791.0,295379.33,2411.6699999999837,0.8164653904523325
2026-08-31,24,24,24,24,24,True,315550.0,311645.8,3904.2000000000116,1.2527683671655487
2026-09-01,24,24,24,24,24,True,316147.0,314223.32,1923.679999999993,0.6122015387018357
2026-09-02,24,24,24,24,24,True,312722.0,309911.7,2810.2999999999884,0.9068066807416397
2026-09-03,24,24,24,24,24,True,317614.0,313949.0,3665.0,1.167387059681668
2026-09-04,24,24,24,24,24,True,322162.0,317861.71,4300.289999999979,1.3528807857983205
2026-09-05,24,24,24,24,24,True,303111.0,300428.16,2682.8400000000256,0.8930055025467739
2026-09-06,24,24,24,24,24,True,298779.0,297359.59,1419.4099999999744,0.47733789248228864
2026-09-07,24,24,24,24,24,True,312170.0,312991.39,-821.390000000014,-0.2624321391077288
2026-09-08,24,24,24,24,24,True,315710.0,309986.63,5723.369999999995,1.8463280174373957
2026-09-09,24,24,24,24,24,True,324025.0,319107.32,4917.679999999993,1.5410740186091603
2026-09-10,24,24,24,24,24,True,330811.0,326196.2,4614.799999999988,1.4147313794581262
2026-09-11,24,24,24,24,24,True,334953.0,329673.7,5279.299999999988,1.6013712953141206
2026-09-12,24,24,24,24,24,True,317203.0,314726.7,2476.2999999999884,0.7868096351532896
2026-09-13,24,24,24,24,24,True,310192.0,307155.9,3036.0999999999767,0.9884556995323797
2026-09-14,24,24,24,24,24,True,337920.0,334036.1,3883.9000000000233,1.1627186402906822
2026-09-15,24,24,24,24,24,True,339030.0,331528.6,7501.400000000023,2.262670550896672
2026-09-16,24,24,24,24,24,True,326061.0,324240.83,1820.1699999999837,0.5613636012466362
2026-09-17,24,24,24,24,24,True,333894.0,331194.88,2699.1199999999953,0.8149642893030217
2026-09-18,24,24,24,24,24,True,331916.0,331470.76,445.2399999999907,0.13432255683728805
2026-09-19,24,24,24,24,24,True,320937.0,316338.15,4598.849999999977,1.4537765995027714
2026-09-20,24,24,24,24,24,True,319484.0,316138.64,3345.359999999986,1.0581939619908487
2026-09-21,24,24,24,24,24,True,339331.0,333761.69,5569.309999999998,1.668648669654087
2026-09-22,24,24,24,24,24,True,339524.0,334109.03,5414.969999999972,1.6207194399983658
2026-09-23,24,24,24,24,24,True,338897.0,331873.26,7023.739999999991,2.1163922637213948
2026-09-24,24,24,24,24,24,True,337895.0,332855.53,5039.469999999972,1.5140111987924525
2026-09-25,24,24,24,24,24,True,342298.0,337916.0,4382.0,1.2967719788349767
2026-09-26,24,24,24,24,24,True,323567.0,318000.14,5566.859999999986,1.750584134962955
2026-09-27,24,24,24,24,24,True,319937.0,314373.99,5563.010000000009,1.7695516095336035
2026-09-28,24,24,24,24,24,True,340628.0,330267.05,10360.950000000012,3.1371431088871904
2026-09-29,24,24,24,24,24,True,338455.0,333587.63,4867.369999999995,1.4590978688268492
2026-09-30,24,24,24,24,24,True,339946.0,335813.99,4132.010000000009,1.230446057354552
2026-10-01,24,24,24,24,24,True,338207.0,336124.98,2082.0200000000186,0.6194184079981258
2026-10-02,24,24,24,24,24,True,339681.0,335372.48,4308.520000000019,1.2846969435297788
2026-10-03,24,24,24,24,24,True,326246.0,324277.04,1968.960000000021,0.6071845234556295
2026-10-04,24,24,24,24,24,True,332578.0,329394.13,3183.8699999999953,0.9665837093089653
2026-10-05,24,24,24,24,24,True,350053.0,343883.52999999997,6169.47000000003,1.7940580056276703
2026-10-06,2,0,2,0,24,False,,,,
